Number,Name,Type_1,Type_2,Total,HP,Attack,Defense,Sp_Atk,Sp_Def,Speed,Generation,isLegendary,Color,hasGender,Pr_Male,Egg_Group_1,Egg_Group_2,Sex,hasMegaEvolution,Height_m,Weight_kg,Catch_Rate,Body_Style
1,Type_1_Grass,Grass,Poison,318,45,49,49,65,65,45,1,FALSE,Green,TRUE,0.875,Monster,Grass,Male,FALSE,0.71,6.9,45,quadruped
2,Type_1_Grass,Grass,Poison,405,60,62,63,80,80,60,1,FALSE,Green,TRUE,0.875,Monster,Grass,Male,FALSE,0.99,13,45,quadruped
3,Type_1_Grass,Grass,Poison,525,80,82,83,100,100,80,1,FALSE,Green,TRUE,0.875,Monster,Grass,Male,TRUE,2.01,100,45,quadruped
4,Type_1_Fire,Fire,,309,39,52,43,60,50,65,1,FALSE,Red,TRUE,0.875,Monster,Dragon,Male,FALSE,0.61,8.5,45,bipedal_tailed
5,Type_1_Fire,Fire,,405,58,64,58,80,65,80,1,FALSE,Red,TRUE,0.875,Monster,Dragon,Male,FALSE,1.09,19,45,bipedal_tailed
6,Type_1_Fire,Fire,Flying,534,78,84,78,109,85,100,1,FALSE,Red,TRUE,0.875,Monster,Dragon,Male,TRUE,1.7,90.5,45,bipedal_tailed
7,Type_1_Water,Water,,314,44,48,65,50,64,43,1,FALSE,Blue,TRUE,0.875,Monster,Water_1,Male,FALSE,0.51,9,45,bipedal_tailed
8,Type_1_Water,Water,,405,59,63,80,65,80,58,1,FALSE,Blue,TRUE,0.875,Monster,Water_1,Male,FALSE,0.99,22.5,45,bipedal_tailed
9,Type_1_Water,Water,,530,79,83,100,85,105,78,1,FALSE,Blue,TRUE,0.875,Monster,Water_1,Male,TRUE,1.6,85.5,45,bipedal_tailed
10,Type_1_Bug,Bug,,195,45,30,35,20,20,45,1,FALSE,Green,TRUE,0.5,Bug,,Male,FALSE,0.3,2.9,255,insectoid
11,Type_1_Bug,Bug,,205,50,20,55,25,25,30,1,FALSE,Green,TRUE,0.5,Bug,,Male,FALSE,0.71,9.9,120,serpentine_body
12,Type_1_Bug,Bug,Flying,395,60,45,50,90,80,70,1,FALSE,White,TRUE,0.5,Bug,,Male,FALSE,1.09,32,45,four_wings
13,Type_1_Bug,Bug,Poison,195,40,35,30,20,20,50,1,FALSE,Brown,TRUE,0.5,Bug,,Male,FALSE,0.3,3.2,255,serpentine_body
14,Type_1_Bug,Bug,Poison,205,45,25,50,25,25,35,1,FALSE,Yellow,TRUE,0.5,Bug,,Male,FALSE,0.61,10,120,serpentine_body
15,Type_1_Bug,Bug,Poison,395,65,90,40,45,80,75,1,FALSE,Yellow,TRUE,0.5,Bug,,Male,TRUE,0.99,29.5,45,four_wings
16,Type_1_Normal,Normal,Flying,251,40,45,40,35,35,56,1,FALSE,Brown,TRUE,0.5,Flying,,Male,FALSE,0.3,1.8,255,two_wings
17,Type_1_Normal,Normal,Flying,349,63,60,55,50,50,71,1,FALSE,Brown,TRUE,0.5,Flying,,Male,FALSE,1.09,30,120,two_wings
18,Type_1_Normal,Normal,Flying,479,83,80,75,70,70,101,1,FALSE,Brown,TRUE,0.5,Flying,,Male,TRUE,1.5,39.5,45,two_wings
19,Type_1_Normal,Normal,,253,30,56,35,25,35,72,1,FALSE,Purple,TRUE,0.5,Field,,Male,FALSE,0.3,3.5,255,quadruped
20,Type_1_Normal,Normal,,413,55,81,60,50,70,97,1,FALSE,Brown,TRUE,0.5,Field,,Male,FALSE,0.71,18.5,127,quadruped
21,Type_1_Normal,Normal,Flying,262,40,60,30,31,31,70,1,FALSE,Brown,TRUE,0.5,Flying,,Male,FALSE,0.3,2,255,two_wings
22,Type_1_Normal,Normal,Flying,442,65,90,65,61,61,100,1,FALSE,Brown,TRUE,0.5,Flying,,Male,FALSE,1.19,38,90,two_wings
23,Type_1_Poison,Poison,,288,35,60,44,40,54,55,1,FALSE,Purple,TRUE,0.5,Field,Dragon,Male,FALSE,2.01,6.9,255,serpentine_body
24,Type_1_Poison,Poison,,438,60,85,69,65,79,80,1,FALSE,Purple,TRUE,0.5,Field,Dragon,Male,FALSE,3.51,65,90,serpentine_body
25,Type_1_Electric,Electric,,320,35,55,40,50,50,90,1,FALSE,Yellow,TRUE,0.5,Field,Fairy,Male,FALSE,0.41,6,190,quadruped
26,Type_1_Electric,Electric,,485,60,90,55,90,80,110,1,FALSE,Yellow,TRUE,0.5,Field,Fairy,Male,FALSE,0.79,30,75,bipedal_tailed
27,Type_1_Ground,Ground,,300,50,75,85,20,30,40,1,FALSE,Yellow,TRUE,0.5,Field,,Male,FALSE,0.61,12,255,bipedal_tailed
28,Type_1_Ground,Ground,,450,75,100,110,45,55,65,1,FALSE,Yellow,TRUE,0.5,Field,,Male,FALSE,0.99,29.5,90,bipedal_tailed
29,Type_1_Poison,Poison,,275,55,47,52,40,40,41,1,FALSE,Blue,TRUE,0,Monster,Field,Female,FALSE,0.41,7,235,quadruped
30,Type_1_Poison,Poison,,365,70,62,67,55,55,56,1,FALSE,Blue,TRUE,0,Undiscovered,,Female,FALSE,0.79,20,120,quadruped
31,Type_1_Poison,Poison,Ground,505,90,92,87,75,85,76,1,FALSE,Blue,TRUE,0,Undiscovered,,Female,FALSE,1.3,60,45,bipedal_tailed
32,Type_1_Poison,Poison,,273,46,57,40,40,40,50,1,FALSE,Purple,TRUE,1,Monster,Field,Male,FALSE,0.51,9,235,quadruped
33,Type_1_Poison,Poison,,365,61,72,57,55,55,65,1,FALSE,Purple,TRUE,1,Monster,Field,Male,FALSE,0.89,19.5,120,quadruped
34,Type_1_Poison,Poison,Ground,505,81,102,77,85,75,85,1,FALSE,Purple,TRUE,1,Monster,Field,Male,FALSE,1.4,62,45,bipedal_tailed
35,Type_1_Fairy,Fairy,,323,70,45,48,60,65,35,1,FALSE,Pink,TRUE,0.25,Fairy,,Female,FALSE,0.61,7.5,150,bipedal_tailed
36,Type_1_Fairy,Fairy,,483,95,70,73,95,90,60,1,FALSE,Pink,TRUE,0.25,Fairy,,Female,FALSE,1.3,40,25,bipedal_tailed
37,Type_1_Fire,Fire,,299,38,41,40,50,65,65,1,FALSE,Brown,TRUE,0.25,Field,,Female,FALSE,0.61,9.9,190,quadruped
38,Type_1_Fire,Fire,,505,73,76,75,81,100,100,1,FALSE,Yellow,TRUE,0.25,Field,,Female,FALSE,1.09,19.9,75,quadruped
39,Type_1_Normal,Normal,Fairy,270,115,45,20,45,25,20,1,FALSE,Pink,TRUE,0.25,Fairy,,Female,FALSE,0.51,5.5,170,bipedal_tailless
40,Type_1_Normal,Normal,Fairy,435,140,70,45,85,50,45,1,FALSE,Pink,TRUE,0.25,Fairy,,Female,FALSE,0.99,12,50,bipedal_tailless
41,Type_1_Poison,Poison,Flying,245,40,45,35,30,40,55,1,FALSE,Purple,TRUE,0.5,Flying,,Male,FALSE,0.79,7.5,255,two_wings
42,Type_1_Poison,Poison,Flying,455,75,80,70,65,75,90,1,FALSE,Purple,TRUE,0.5,Flying,,Male,FALSE,1.6,55,90,two_wings
43,Type_1_Grass,Grass,Poison,320,45,50,55,75,65,30,1,FALSE,Blue,TRUE,0.5,Grass,,Male,FALSE,0.51,5.4,255,head_legs
44,Type_1_Grass,Grass,Poison,395,60,65,70,85,75,40,1,FALSE,Blue,TRUE,0.5,Grass,,Male,FALSE,0.79,8.6,120,bipedal_tailless
45,Type_1_Grass,Grass,Poison,490,75,80,85,110,90,50,1,FALSE,Red,TRUE,0.5,Grass,,Male,FALSE,1.19,18.6,45,bipedal_tailless
46,Type_1_Bug,Bug,Grass,285,35,70,55,45,55,25,1,FALSE,Red,TRUE,0.5,Bug,Grass,Male,FALSE,0.3,5.4,190,insectoid
47,Type_1_Bug,Bug,Grass,405,60,95,80,60,80,30,1,FALSE,Red,TRUE,0.5,Bug,Grass,Male,FALSE,0.99,29.5,75,insectoid
48,Type_1_Bug,Bug,Poison,305,60,55,50,40,55,45,1,FALSE,Purple,TRUE,0.5,Bug,,Male,FALSE,0.99,30,190,bipedal_tailless
49,Type_1_Bug,Bug,Poison,450,70,65,60,90,75,90,1,FALSE,Purple,TRUE,0.5,Bug,,Male,FALSE,1.5,12.5,75,four_wings
50,Type_1_Ground,Ground,,265,10,55,25,35,45,95,1,FALSE,Brown,TRUE,0.5,Field,,Male,FALSE,0.2,0.8,255,head_base
51,Type_1_Ground,Ground,,405,35,80,50,50,70,120,1,FALSE,Brown,TRUE,0.5,Field,,Male,FALSE,0.71,33.3,50,multiple_bodies
52,Type_1_Normal,Normal,,290,40,45,35,40,40,90,1,FALSE,Yellow,TRUE,0.5,Field,,Male,FALSE,0.41,4.2,255,quadruped
53,Type_1_Normal,Normal,,440,65,70,60,65,65,115,1,FALSE,Yellow,TRUE,0.5,Field,,Male,FALSE,0.99,32,90,quadruped
54,Type_1_Water,Water,,320,50,52,48,65,50,55,1,FALSE,Yellow,TRUE,0.5,Water_1,Field,Male,FALSE,0.79,19.6,190,bipedal_tailed
55,Type_1_Water,Water,,500,80,82,78,95,80,85,1,FALSE,Blue,TRUE,0.5,Water_1,Field,Male,FALSE,1.7,76.6,75,bipedal_tailed
56,Type_1_Fighting,Fighting,,305,40,80,35,35,45,70,1,FALSE,Brown,TRUE,0.5,Field,,Male,FALSE,0.51,28,190,bipedal_tailed
57,Type_1_Fighting,Fighting,,455,65,105,60,60,70,95,1,FALSE,Brown,TRUE,0.5,Field,,Male,FALSE,0.99,32,75,bipedal_tailed
58,Type_1_Fire,Fire,,350,55,70,45,70,50,60,1,FALSE,Brown,TRUE,0.75,Field,,Male,FALSE,0.71,19,190,quadruped
59,Type_1_Fire,Fire,,555,90,110,80,100,80,95,1,FALSE,Brown,TRUE,0.75,Field,,Male,FALSE,1.91,155,75,quadruped
60,Type_1_Water,Water,,300,40,50,40,40,40,90,1,FALSE,Blue,TRUE,0.5,Water_1,,Male,FALSE,0.61,12.4,255,head_legs
61,Type_1_Water,Water,,385,65,65,65,50,50,90,1,FALSE,Blue,TRUE,0.5,Water_1,,Male,FALSE,0.99,20,120,bipedal_tailless
62,Type_1_Water,Water,Fighting,510,90,95,95,70,90,70,1,FALSE,Blue,TRUE,0.5,Water_1,,Male,FALSE,1.3,54,45,bipedal_tailless
63,Type_1_Psychic,Psychic,,310,25,20,15,105,55,90,1,FALSE,Brown,TRUE,0.75,Human-Like,,Male,FALSE,0.89,19.5,200,bipedal_tailed
64,Type_1_Psychic,Psychic,,400,40,35,30,120,70,105,1,FALSE,Brown,TRUE,0.75,Human-Like,,Male,FALSE,1.3,56.5,100,bipedal_tailed
65,Type_1_Psychic,Psychic,,500,55,50,45,135,95,120,1,FALSE,Brown,TRUE,0.75,Human-Like,,Male,TRUE,1.5,48,50,bipedal_tailless
66,Type_1_Fighting,Fighting,,305,70,80,50,35,35,35,1,FALSE,Grey,TRUE,0.75,Human-Like,,Male,FALSE,0.79,19.5,180,bipedal_tailed
67,Type_1_Fighting,Fighting,,405,80,100,70,50,60,45,1,FALSE,Grey,TRUE,0.75,Human-Like,,Male,FALSE,1.5,70.5,90,bipedal_tailless
68,Type_1_Fighting,Fighting,,505,90,130,80,65,85,55,1,FALSE,Grey,TRUE,0.75,Human-Like,,Male,FALSE,1.6,130,45,bipedal_tailless
69,Type_1_Grass,Grass,Poison,300,50,75,35,70,30,40,1,FALSE,Green,TRUE,0.5,Grass,,Male,FALSE,0.71,4,255,bipedal_tailless
70,Type_1_Grass,Grass,Poison,390,65,90,50,85,45,55,1,FALSE,Green,TRUE,0.5,Grass,,Male,FALSE,0.99,6.4,120,head_base
71,Type_1_Grass,Grass,Poison,490,80,105,65,100,70,70,1,FALSE,Green,TRUE,0.5,Grass,,Male,FALSE,1.7,15.5,45,head_base
72,Type_1_Water,Water,Poison,335,40,40,35,50,100,70,1,FALSE,Blue,TRUE,0.5,Water_3,,Male,FALSE,0.89,45.5,190,several_limbs
73,Type_1_Water,Water,Poison,515,80,70,65,80,120,100,1,FALSE,Blue,TRUE,0.5,Water_3,,Male,FALSE,1.6,55,60,several_limbs
74,Type_1_Rock,Rock,Ground,300,40,80,100,30,30,20,1,FALSE,Brown,TRUE,0.5,Mineral,,Male,FALSE,0.41,20,255,head_arms
75,Type_1_Rock,Rock,Ground,390,55,95,115,45,45,35,1,FALSE,Brown,TRUE,0.5,Mineral,,Male,FALSE,0.99,105,120,bipedal_tailless
76,Type_1_Rock,Rock,Ground,495,80,120,130,55,65,45,1,FALSE,Brown,TRUE,0.5,Mineral,,Male,FALSE,1.4,300,45,bipedal_tailless
77,Type_1_Fire,Fire,,410,50,85,55,65,65,90,1,FALSE,Yellow,TRUE,0.5,Field,,Male,FALSE,0.99,30,190,quadruped
78,Type_1_Fire,Fire,,500,65,100,70,80,80,105,1,FALSE,Yellow,TRUE,0.5,Field,,Male,FALSE,1.7,95,60,quadruped
79,Type_1_Water,Water,Psychic,315,90,65,65,40,40,15,1,FALSE,Pink,TRUE,0.5,Monster,Water_1,Male,FALSE,1.19,36,190,quadruped
80,Type_1_Water,Water,Psychic,490,95,75,110,100,80,30,1,FALSE,Pink,TRUE,0.5,Monster,Water_1,Male,TRUE,1.6,78.5,75,bipedal_tailed
81,Type_1_Electric,Electric,Steel,325,25,35,70,95,55,45,1,FALSE,Grey,FALSE,,Mineral,,,FALSE,0.3,6,190,head_arms
82,Type_1_Electric,Electric,Steel,465,50,60,95,120,70,70,1,FALSE,Grey,FALSE,,Mineral,,,FALSE,0.99,60,60,multiple_bodies
83,Type_1_Normal,Normal,Flying,352,52,65,55,58,62,60,1,FALSE,Brown,TRUE,0.5,Flying,Field,Male,FALSE,0.79,15,45,two_wings
84,Type_1_Normal,Normal,Flying,310,35,85,45,35,35,75,1,FALSE,Brown,TRUE,0.5,Flying,,Male,FALSE,1.4,39.2,190,head_legs
85,Type_1_Normal,Normal,Flying,460,60,110,70,60,60,100,1,FALSE,Brown,TRUE,0.5,Flying,,Male,FALSE,1.8,85.2,45,head_legs
86,Type_1_Water,Water,,325,65,45,55,45,70,45,1,FALSE,White,TRUE,0.5,Water_1,Field,Male,FALSE,1.09,90,190,with_fins
87,Type_1_Water,Water,Ice,475,90,70,80,70,95,70,1,FALSE,White,TRUE,0.5,Water_1,Field,Male,FALSE,1.7,120,75,with_fins
88,Type_1_Poison,Poison,,325,80,80,50,40,50,25,1,FALSE,Purple,TRUE,0.5,Amorphous,,Male,FALSE,0.89,30,190,head_arms
89,Type_1_Poison,Poison,,500,105,105,75,65,100,50,1,FALSE,Purple,TRUE,0.5,Amorphous,,Male,FALSE,1.19,30,75,head_arms
90,Type_1_Water,Water,,305,30,65,100,45,25,40,1,FALSE,Purple,TRUE,0.5,Water_3,,Male,FALSE,0.3,4,190,head_only
91,Type_1_Water,Water,Ice,525,50,95,180,85,45,70,1,FALSE,Purple,TRUE,0.5,Water_3,,Male,FALSE,1.5,132.5,60,head_only
92,Type_1_Ghost,Ghost,Poison,310,30,35,30,100,35,80,1,FALSE,Purple,TRUE,0.5,Amorphous,,Male,FALSE,1.3,0.1,190,head_only
93,Type_1_Ghost,Ghost,Poison,405,45,50,45,115,55,95,1,FALSE,Purple,TRUE,0.5,Amorphous,,Male,FALSE,1.6,0.1,90,head_arms
94,Type_1_Ghost,Ghost,Poison,500,60,65,60,130,75,110,1,FALSE,Purple,TRUE,0.5,Amorphous,,Male,TRUE,1.5,40.5,45,bipedal_tailed
95,Type_1_Rock,Rock,Ground,385,35,45,160,30,45,70,1,FALSE,Grey,TRUE,0.5,Mineral,,Male,FALSE,8.79,210,45,serpentine_body
96,Type_1_Psychic,Psychic,,328,60,48,45,43,90,42,1,FALSE,Yellow,TRUE,0.5,Human-Like,,Male,FALSE,0.99,32.4,190,bipedal_tailless
97,Type_1_Psychic,Psychic,,483,85,73,70,73,115,67,1,FALSE,Yellow,TRUE,0.5,Human-Like,,Male,FALSE,1.6,75.6,75,bipedal_tailless
98,Type_1_Water,Water,,325,30,105,90,25,25,50,1,FALSE,Red,TRUE,0.5,Water_3,,Male,FALSE,0.41,6.5,225,insectoid
99,Type_1_Water,Water,,475,55,130,115,50,50,75,1,FALSE,Red,TRUE,0.5,Water_3,,Male,FALSE,1.3,60,60,insectoid
100,Type_1_Electric,Electric,,330,40,30,50,55,55,100,1,FALSE,Red,FALSE,,Mineral,,,FALSE,0.51,10.4,190,head_only
101,Type_1_Electric,Electric,,480,60,50,70,80,80,140,1,FALSE,Red,FALSE,,Mineral,,,FALSE,1.19,66.6,60,head_only
102,Type_1_Grass,Grass,Psychic,325,60,40,80,60,45,40,1,FALSE,Pink,TRUE,0.5,Grass,,Male,FALSE,0.41,2.5,90,multiple_bodies
103,Type_1_Grass,Grass,Psychic,520,95,95,85,125,65,55,1,FALSE,Yellow,TRUE,0.5,Grass,,Male,FALSE,2.01,120,45,head_legs
104,Type_1_Ground,Ground,,320,50,50,95,40,50,35,1,FALSE,Brown,TRUE,0.5,Monster,,Male,FALSE,0.41,6.5,190,bipedal_tailed
105,Type_1_Ground,Ground,,425,60,80,110,50,80,45,1,FALSE,Brown,TRUE,0.5,Monster,,Male,FALSE,0.99,45,75,bipedal_tailed
106,Type_1_Fighting,Fighting,,455,50,120,53,35,110,87,1,FALSE,Brown,TRUE,1,Human-Like,,Male,FALSE,1.5,49.8,45,bipedal_tailless
107,Type_1_Fighting,Fighting,,455,50,105,79,35,110,76,1,FALSE,Brown,TRUE,1,Human-Like,,Male,FALSE,1.4,50.2,45,bipedal_tailless
108,Type_1_Normal,Normal,,385,90,55,75,60,75,30,1,FALSE,Pink,TRUE,0.5,Monster,,Male,FALSE,1.19,65.5,45,bipedal_tailed
109,Type_1_Poison,Poison,,340,40,65,95,60,45,35,1,FALSE,Purple,TRUE,0.5,Amorphous,,Male,FALSE,0.61,1,190,head_only
110,Type_1_Poison,Poison,,490,65,90,120,85,70,60,1,FALSE,Purple,TRUE,0.5,Amorphous,,Male,FALSE,1.19,9.5,60,multiple_bodies
111,Type_1_Ground,Ground,Rock,345,80,85,95,30,30,25,1,FALSE,Grey,TRUE,0.5,Monster,Field,Male,FALSE,0.99,115,120,quadruped
112,Type_1_Ground,Ground,Rock,485,105,130,120,45,45,40,1,FALSE,Grey,TRUE,0.5,Monster,Field,Male,FALSE,1.91,120,60,bipedal_tailed
113,Type_1_Normal,Normal,,450,250,5,5,35,105,50,1,FALSE,Pink,TRUE,0,Fairy,,Female,FALSE,1.09,34.6,30,bipedal_tailed
114,Type_1_Grass,Grass,,435,65,55,115,100,40,60,1,FALSE,Blue,TRUE,0.5,Grass,,Male,FALSE,0.99,35,45,head_legs
115,Type_1_Normal,Normal,,490,105,95,80,40,80,90,1,FALSE,Brown,TRUE,0,Monster,,Female,TRUE,2.21,80,45,bipedal_tailed
116,Type_1_Water,Water,,295,30,40,70,70,25,60,1,FALSE,Blue,TRUE,0.5,Water_1,Dragon,Male,FALSE,0.41,8,225,head_base
117,Type_1_Water,Water,,440,55,65,95,95,45,85,1,FALSE,Blue,TRUE,0.5,Water_1,Dragon,Male,FALSE,1.19,25,75,head_base
118,Type_1_Water,Water,,320,45,67,60,35,50,63,1,FALSE,Red,TRUE,0.5,Water_2,,Male,FALSE,0.61,15,225,with_fins
119,Type_1_Water,Water,,450,80,92,65,65,80,68,1,FALSE,Red,TRUE,0.5,Water_2,,Male,FALSE,1.3,39,60,with_fins
120,Type_1_Water,Water,,340,30,45,55,70,55,85,1,FALSE,Brown,FALSE,,Water_3,,,FALSE,0.79,34.5,225,head_base
121,Type_1_Water,Water,Psychic,520,60,75,85,100,85,115,1,FALSE,Purple,FALSE,,Water_3,,,FALSE,1.09,80,60,head_base
122,Type_1_Psychic,Psychic,Fairy,460,40,45,65,100,120,90,1,FALSE,Pink,TRUE,0.5,Human-Like,,Male,FALSE,1.3,54.5,45,bipedal_tailless
123,Type_1_Bug,Bug,Flying,500,70,110,80,55,80,105,1,FALSE,Green,TRUE,0.5,Bug,,Male,FALSE,1.5,56,45,four_wings
124,Type_1_Ice,Ice,Psychic,455,65,50,35,115,95,95,1,FALSE,Red,TRUE,0,Human-Like,,Female,FALSE,1.4,40.6,45,bipedal_tailless
125,Type_1_Electric,Electric,,490,65,83,57,95,85,105,1,FALSE,Yellow,TRUE,0.75,Human-Like,,Male,FALSE,1.09,30,45,bipedal_tailed
126,Type_1_Fire,Fire,,495,65,95,57,100,85,93,1,FALSE,Red,TRUE,0.75,Human-Like,,Male,FALSE,1.3,44.5,45,bipedal_tailed
127,Type_1_Bug,Bug,,500,65,125,100,55,70,85,1,FALSE,Brown,TRUE,0.5,Bug,,Male,TRUE,1.5,55,45,bipedal_tailless
128,Type_1_Normal,Normal,,490,75,100,95,40,70,110,1,FALSE,Brown,TRUE,1,Field,,Male,FALSE,1.4,88.4,45,quadruped
129,Type_1_Water,Water,,200,20,10,55,15,20,80,1,FALSE,Red,TRUE,0.5,Water_2,Dragon,Male,FALSE,0.89,10,255,with_fins
130,Type_1_Water,Water,Flying,540,95,125,79,60,100,81,1,FALSE,Blue,TRUE,0.5,Water_2,Dragon,Male,TRUE,6.5,235,45,serpentine_body
131,Type_1_Water,Water,Ice,535,130,85,80,85,95,60,1,FALSE,Blue,TRUE,0.5,Monster,Water_1,Male,FALSE,2.49,220,45,with_fins
132,Type_1_Normal,Normal,,288,48,48,48,48,48,48,1,FALSE,Purple,FALSE,,Ditto,,,FALSE,0.3,4,35,head_only
133,Type_1_Normal,Normal,,325,55,55,50,45,65,55,1,FALSE,Brown,TRUE,0.875,Field,,Male,FALSE,0.3,6.5,45,quadruped
134,Type_1_Water,Water,,525,130,65,60,110,95,65,1,FALSE,Blue,TRUE,0.875,Field,,Male,FALSE,0.99,29,45,quadruped
135,Type_1_Electric,Electric,,525,65,65,60,110,95,130,1,FALSE,Yellow,TRUE,0.875,Field,,Male,FALSE,0.79,24.5,45,quadruped
136,Type_1_Fire,Fire,,525,65,130,60,95,110,65,1,FALSE,Red,TRUE,0.875,Field,,Male,FALSE,0.89,25,45,quadruped
137,Type_1_Normal,Normal,,395,65,60,70,85,75,40,1,FALSE,Pink,FALSE,,Mineral,,,FALSE,0.79,36.5,45,head_legs
138,Type_1_Rock,Rock,Water,355,35,40,100,90,55,35,1,FALSE,Blue,TRUE,0.875,Water_1,Water_3,Male,FALSE,0.41,7.5,45,several_limbs
139,Type_1_Rock,Rock,Water,495,70,60,125,115,70,55,1,FALSE,Blue,TRUE,0.875,Water_1,Water_3,Male,FALSE,0.99,35,45,several_limbs
140,Type_1_Rock,Rock,Water,355,30,80,90,55,45,55,1,FALSE,Brown,TRUE,0.875,Water_1,Water_3,Male,FALSE,0.51,11.5,45,insectoid
141,Type_1_Rock,Rock,Water,495,60,115,105,65,70,80,1,FALSE,Brown,TRUE,0.875,Water_1,Water_3,Male,FALSE,1.3,40.5,45,bipedal_tailed
142,Type_1_Rock,Rock,Flying,515,80,105,65,60,75,130,1,FALSE,Purple,TRUE,0.875,Flying,,Male,TRUE,1.8,59,45,two_wings
143,Type_1_Normal,Normal,,540,160,110,65,65,110,30,1,FALSE,Black,TRUE,0.875,Monster,,Male,FALSE,2.11,460,25,bipedal_tailless
144,Type_1_Ice,Ice,Flying,580,90,85,100,95,125,85,1,TRUE,Blue,FALSE,,Undiscovered,,,FALSE,1.7,55.4,3,two_wings
145,Type_1_Electric,Electric,Flying,580,90,90,85,125,90,100,1,TRUE,Yellow,FALSE,,Undiscovered,,,FALSE,1.6,52.6,3,two_wings
146,Type_1_Fire,Fire,Flying,580,90,100,90,125,85,90,1,TRUE,Yellow,FALSE,,Undiscovered,,,FALSE,2.01,60,3,two_wings
147,Type_1_Dragon,Dragon,,300,41,64,45,50,50,50,1,FALSE,Blue,TRUE,0.5,Water_1,Dragon,Male,FALSE,1.8,3.3,45,serpentine_body
148,Type_1_Dragon,Dragon,,420,61,84,65,70,70,70,1,FALSE,Blue,TRUE,0.5,Water_1,Dragon,Male,FALSE,3.99,16.5,45,serpentine_body
149,Type_1_Dragon,Dragon,Flying,600,91,134,95,100,100,80,1,FALSE,Brown,TRUE,0.5,Water_1,Dragon,Male,FALSE,2.21,210,45,bipedal_tailed
150,Type_1_Psychic,Psychic,,680,106,110,90,154,90,130,1,TRUE,Purple,FALSE,,Undiscovered,,,TRUE,2.01,122,3,bipedal_tailed
151,Type_1_Psychic,Psychic,,600,100,100,100,100,100,100,1,FALSE,Pink,FALSE,,Undiscovered,,,FALSE,0.41,4,45,bipedal_tailed
152,Type_1_Grass,Grass,,318,45,49,65,49,65,45,2,FALSE,Green,TRUE,0.875,Monster,Grass,Male,FALSE,0.89,6.4,45,quadruped
153,Type_1_Grass,Grass,,405,60,62,80,63,80,60,2,FALSE,Green,TRUE,0.875,Monster,Grass,Male,FALSE,1.19,15.8,45,quadruped
154,Type_1_Grass,Grass,,525,80,82,100,83,100,80,2,FALSE,Green,TRUE,0.875,Monster,Grass,Male,FALSE,1.8,100.5,45,quadruped
155,Type_1_Fire,Fire,,309,39,52,43,60,50,65,2,FALSE,Yellow,TRUE,0.875,Field,,Male,FALSE,0.51,7.9,45,bipedal_tailless
156,Type_1_Fire,Fire,,405,58,64,58,80,65,80,2,FALSE,Yellow,TRUE,0.875,Field,,Male,FALSE,0.89,19,45,quadruped
157,Type_1_Fire,Fire,,534,78,84,78,109,85,100,2,FALSE,Yellow,TRUE,0.875,Field,,Male,FALSE,1.7,79.5,45,quadruped
158,Type_1_Water,Water,,314,50,65,64,44,48,43,2,FALSE,Blue,TRUE,0.875,Monster,Water_1,Male,FALSE,0.61,9.5,45,bipedal_tailed
159,Type_1_Water,Water,,405,65,80,80,59,63,58,2,FALSE,Blue,TRUE,0.875,Monster,Water_1,Male,FALSE,1.09,25,45,bipedal_tailed
160,Type_1_Water,Water,,530,85,105,100,79,83,78,2,FALSE,Blue,TRUE,0.875,Monster,Water_1,Male,FALSE,2.31,88.8,45,bipedal_tailed
161,Type_1_Normal,Normal,,215,35,46,34,35,45,20,2,FALSE,Brown,TRUE,0.5,Field,,Male,FALSE,0.79,6,255,quadruped
162,Type_1_Normal,Normal,,415,85,76,64,45,55,90,2,FALSE,Brown,TRUE,0.5,Field,,Male,FALSE,1.8,32.5,90,quadruped
163,Type_1_Normal,Normal,Flying,262,60,30,30,36,56,50,2,FALSE,Brown,TRUE,0.5,Flying,,Male,FALSE,0.71,21.2,255,two_wings
164,Type_1_Normal,Normal,Flying,442,100,50,50,76,96,70,2,FALSE,Brown,TRUE,0.5,Flying,,Male,FALSE,1.6,40.8,90,two_wings
165,Type_1_Bug,Bug,Flying,265,40,20,30,40,80,55,2,FALSE,Red,TRUE,0.5,Bug,,Male,FALSE,0.99,10.8,255,two_wings
166,Type_1_Bug,Bug,Flying,390,55,35,50,55,110,85,2,FALSE,Red,TRUE,0.5,Bug,,Male,FALSE,1.4,35.6,90,two_wings
167,Type_1_Bug,Bug,Poison,250,40,60,40,40,40,30,2,FALSE,Green,TRUE,0.5,Bug,,Male,FALSE,0.51,8.5,255,insectoid
168,Type_1_Bug,Bug,Poison,390,70,90,70,60,60,40,2,FALSE,Red,TRUE,0.5,Bug,,Male,FALSE,1.09,33.5,90,insectoid
169,Type_1_Poison,Poison,Flying,535,85,90,80,70,80,130,2,FALSE,Purple,TRUE,0.5,Flying,,Male,FALSE,1.8,75,90,four_wings
170,Type_1_Water,Water,Electric,330,75,38,38,56,56,67,2,FALSE,Blue,TRUE,0.5,Water_2,,Male,FALSE,0.51,12,190,with_fins
171,Type_1_Water,Water,Electric,460,125,58,58,76,76,67,2,FALSE,Blue,TRUE,0.5,Water_2,,Male,FALSE,1.19,22.5,75,with_fins
172,Type_1_Electric,Electric,,205,20,40,15,35,35,60,2,FALSE,Yellow,TRUE,0.5,Undiscovered,,Male,FALSE,0.3,2,190,quadruped
173,Type_1_Fairy,Fairy,,218,50,25,28,45,55,15,2,FALSE,Pink,TRUE,0.25,Undiscovered,,Female,FALSE,0.3,3,150,bipedal_tailed
174,Type_1_Normal,Normal,Fairy,210,90,30,15,40,20,15,2,FALSE,Pink,TRUE,0.25,Undiscovered,,Female,FALSE,0.3,1,170,bipedal_tailless
175,Type_1_Fairy,Fairy,,245,35,20,65,40,65,20,2,FALSE,White,TRUE,0.875,Undiscovered,,Male,FALSE,0.3,1.5,190,bipedal_tailless
176,Type_1_Fairy,Fairy,Flying,405,55,40,85,80,105,40,2,FALSE,White,TRUE,0.875,Flying,Fairy,Male,FALSE,0.61,3.2,75,bipedal_tailless
177,Type_1_Psychic,Psychic,Flying,320,40,50,45,70,45,70,2,FALSE,Green,TRUE,0.5,Flying,,Male,FALSE,0.2,2,190,two_wings
178,Type_1_Psychic,Psychic,Flying,470,65,75,70,95,70,95,2,FALSE,Green,TRUE,0.5,Flying,,Male,FALSE,1.5,15,75,two_wings
179,Type_1_Electric,Electric,,280,55,40,40,65,45,35,2,FALSE,White,TRUE,0.5,Monster,Field,Male,FALSE,0.61,7.8,235,quadruped
180,Type_1_Electric,Electric,,365,70,55,55,80,60,45,2,FALSE,Pink,TRUE,0.5,Monster,Field,Male,FALSE,0.79,13.3,120,bipedal_tailed
181,Type_1_Electric,Electric,,510,90,75,85,115,90,55,2,FALSE,Yellow,TRUE,0.5,Monster,Field,Male,TRUE,1.4,61.5,45,bipedal_tailed
182,Type_1_Grass,Grass,,490,75,80,95,90,100,50,2,FALSE,Green,TRUE,0.5,Grass,,Male,FALSE,0.41,5.8,45,bipedal_tailless
183,Type_1_Water,Water,Fairy,250,70,20,50,20,50,40,2,FALSE,Blue,TRUE,0.5,Water_1,Fairy,Male,FALSE,0.41,8.5,190,bipedal_tailed
184,Type_1_Water,Water,Fairy,420,100,50,80,60,80,50,2,FALSE,Blue,TRUE,0.5,Water_1,Fairy,Male,FALSE,0.79,28.5,75,bipedal_tailed
185,Type_1_Rock,Rock,,410,70,100,115,30,65,30,2,FALSE,Brown,TRUE,0.5,Mineral,,Male,FALSE,1.19,38,65,bipedal_tailless
186,Type_1_Water,Water,,500,90,75,75,90,100,70,2,FALSE,Green,TRUE,0.5,Water_1,,Male,FALSE,1.09,33.9,45,bipedal_tailed
187,Type_1_Grass,Grass,Flying,250,35,35,40,35,55,50,2,FALSE,Pink,TRUE,0.5,Fairy,Grass,Male,FALSE,0.41,0.5,255,bipedal_tailed
188,Type_1_Grass,Grass,Flying,340,55,45,50,45,65,80,2,FALSE,Green,TRUE,0.5,Fairy,Grass,Male,FALSE,0.61,1,120,bipedal_tailed
189,Type_1_Grass,Grass,Flying,460,75,55,70,55,95,110,2,FALSE,Blue,TRUE,0.5,Fairy,Grass,Male,FALSE,0.79,3,45,bipedal_tailed
190,Type_1_Normal,Normal,,360,55,70,55,40,55,85,2,FALSE,Purple,TRUE,0.5,Field,,Male,FALSE,0.79,11.5,45,bipedal_tailed
191,Type_1_Grass,Grass,,180,30,30,30,30,30,30,2,FALSE,Yellow,TRUE,0.5,Grass,,Male,FALSE,0.3,1.8,235,head_only
192,Type_1_Grass,Grass,,425,75,75,55,105,85,30,2,FALSE,Yellow,TRUE,0.5,Grass,,Male,FALSE,0.79,8.5,120,bipedal_tailless
193,Type_1_Bug,Bug,Flying,390,65,65,45,75,45,95,2,FALSE,Red,TRUE,0.5,Bug,,Male,FALSE,1.19,38,75,four_wings
194,Type_1_Water,Water,Ground,210,55,45,45,25,25,15,2,FALSE,Blue,TRUE,0.5,Water_1,Field,Male,FALSE,0.41,8.5,255,head_legs
195,Type_1_Water,Water,Ground,430,95,85,85,65,65,35,2,FALSE,Blue,TRUE,0.5,Water_1,Field,Male,FALSE,1.4,75,90,bipedal_tailed
196,Type_1_Psychic,Psychic,,525,65,65,60,130,95,110,2,FALSE,Purple,TRUE,0.875,Field,,Male,FALSE,0.89,26.5,45,quadruped
197,Type_1_Dark,Dark,,525,95,65,110,60,130,65,2,FALSE,Black,TRUE,0.875,Field,,Male,FALSE,0.99,27,45,quadruped
198,Type_1_Dark,Dark,Flying,405,60,85,42,85,42,91,2,FALSE,Black,TRUE,0.5,Flying,,Male,FALSE,0.51,2.1,30,two_wings
199,Type_1_Water,Water,Psychic,490,95,75,80,100,110,30,2,FALSE,Pink,TRUE,0.5,Monster,Water_1,Male,FALSE,2.01,79.5,70,bipedal_tailed
200,Type_1_Ghost,Ghost,,435,60,60,60,85,85,85,2,FALSE,Purple,TRUE,0.5,Amorphous,,Male,FALSE,0.71,1,45,head_only
201,Type_1_Psychic,Psychic,,336,48,72,48,72,48,48,2,FALSE,Black,FALSE,,Undiscovered,,,FALSE,0.51,5,225,head_only
202,Type_1_Psychic,Psychic,,405,190,33,58,33,58,33,2,FALSE,Blue,TRUE,0.5,Amorphous,,Male,FALSE,1.3,28.5,45,head_base
203,Type_1_Normal,Normal,Psychic,455,70,80,65,90,65,85,2,FALSE,Yellow,TRUE,0.5,Field,,Male,FALSE,1.5,41.5,60,quadruped
204,Type_1_Bug,Bug,,290,50,65,90,35,35,15,2,FALSE,Grey,TRUE,0.5,Bug,,Male,FALSE,0.61,7.2,190,head_only
205,Type_1_Bug,Bug,Steel,465,75,90,140,60,60,40,2,FALSE,Purple,TRUE,0.5,Bug,,Male,FALSE,1.19,125.8,75,head_only
206,Type_1_Normal,Normal,,415,100,70,70,65,65,45,2,FALSE,Yellow,TRUE,0.5,Field,,Male,FALSE,1.5,14,190,serpentine_body
207,Type_1_Ground,Ground,Flying,430,65,75,105,35,65,85,2,FALSE,Purple,TRUE,0.5,Bug,,Male,FALSE,1.09,64.8,60,two_wings
208,Type_1_Steel,Steel,Ground,510,75,85,200,55,65,30,2,FALSE,Grey,TRUE,0.5,Mineral,,Male,TRUE,9.19,400,25,serpentine_body
209,Type_1_Fairy,Fairy,,300,60,80,50,40,40,30,2,FALSE,Pink,TRUE,0.25,Field,Fairy,Female,FALSE,0.61,7.8,190,bipedal_tailless
210,Type_1_Fairy,Fairy,,450,90,120,75,60,60,45,2,FALSE,Purple,TRUE,0.25,Field,Fairy,Female,FALSE,1.4,48.7,75,bipedal_tailed
211,Type_1_Water,Water,Poison,430,65,95,75,55,55,85,2,FALSE,Grey,TRUE,0.5,Water_2,,Male,FALSE,0.51,3.9,45,with_fins
212,Type_1_Bug,Bug,Steel,500,70,130,100,55,80,65,2,FALSE,Red,TRUE,0.5,Bug,,Male,TRUE,1.8,118,25,four_wings
213,Type_1_Bug,Bug,Rock,505,20,10,230,10,230,5,2,FALSE,Yellow,TRUE,0.5,Bug,,Male,FALSE,0.61,20.5,190,insectoid
214,Type_1_Bug,Bug,Fighting,500,80,125,75,40,95,85,2,FALSE,Blue,TRUE,0.5,Bug,,Male,TRUE,1.5,54,45,bipedal_tailless
215,Type_1_Dark,Dark,Ice,430,55,95,55,35,75,115,2,FALSE,Black,TRUE,0.5,Field,,Male,FALSE,0.89,28,60,bipedal_tailed
216,Type_1_Normal,Normal,,330,60,80,50,50,50,40,2,FALSE,Brown,TRUE,0.5,Field,,Male,FALSE,0.61,8.8,120,bipedal_tailed
217,Type_1_Normal,Normal,,500,90,130,75,75,75,55,2,FALSE,Brown,TRUE,0.5,Field,,Male,FALSE,1.8,125.8,60,bipedal_tailed
218,Type_1_Fire,Fire,,250,40,40,40,70,40,20,2,FALSE,Red,TRUE,0.5,Amorphous,,Male,FALSE,0.71,35,190,serpentine_body
219,Type_1_Fire,Fire,Rock,410,50,50,120,80,80,30,2,FALSE,Red,TRUE,0.5,Amorphous,,Male,FALSE,0.79,55,75,serpentine_body
220,Type_1_Ice,Ice,Ground,250,50,50,40,30,30,50,2,FALSE,Brown,TRUE,0.5,Field,,Male,FALSE,0.41,6.5,225,quadruped
221,Type_1_Ice,Ice,Ground,450,100,100,80,60,60,50,2,FALSE,Brown,TRUE,0.5,Field,,Male,FALSE,1.09,55.8,75,quadruped
222,Type_1_Water,Water,Rock,380,55,55,85,65,85,35,2,FALSE,Pink,TRUE,0.25,Water_1,Water_3,Female,FALSE,0.61,5,60,insectoid
223,Type_1_Water,Water,,300,35,65,35,65,35,65,2,FALSE,Grey,TRUE,0.5,Water_1,Water_2,Male,FALSE,0.61,12,190,with_fins
224,Type_1_Water,Water,,480,75,105,75,105,75,45,2,FALSE,Red,TRUE,0.5,Water_1,Water_2,Male,FALSE,0.89,28.5,75,several_limbs
225,Type_1_Ice,Ice,Flying,330,45,55,45,65,45,75,2,FALSE,Red,TRUE,0.5,Water_1,Field,Male,FALSE,0.89,16,45,two_wings
226,Type_1_Water,Water,Flying,465,65,40,70,80,140,70,2,FALSE,Purple,TRUE,0.5,Water_1,,Male,FALSE,2.11,220,25,two_wings
227,Type_1_Steel,Steel,Flying,465,65,80,140,40,70,70,2,FALSE,Grey,TRUE,0.5,Flying,,Male,FALSE,1.7,50.5,25,two_wings
228,Type_1_Dark,Dark,Fire,330,45,60,30,80,50,65,2,FALSE,Black,TRUE,0.5,Field,,Male,FALSE,0.61,10.8,120,quadruped
229,Type_1_Dark,Dark,Fire,500,75,90,50,110,80,95,2,FALSE,Black,TRUE,0.5,Field,,Male,TRUE,1.4,35,45,quadruped
230,Type_1_Water,Water,Dragon,540,75,95,95,95,95,85,2,FALSE,Blue,TRUE,0.5,Water_1,Dragon,Male,FALSE,1.8,152,45,head_base
231,Type_1_Ground,Ground,,330,90,60,60,40,40,40,2,FALSE,Blue,TRUE,0.5,Field,,Male,FALSE,0.51,33.5,120,quadruped
232,Type_1_Ground,Ground,,500,90,120,120,60,60,50,2,FALSE,Grey,TRUE,0.5,Field,,Male,FALSE,1.09,120,60,quadruped
233,Type_1_Normal,Normal,,515,85,80,90,105,95,60,2,FALSE,Red,FALSE,,Mineral,,,FALSE,0.61,32.5,45,head_legs
234,Type_1_Normal,Normal,,465,73,95,62,85,65,85,2,FALSE,Brown,TRUE,0.5,Field,,Male,FALSE,1.4,71.2,45,quadruped
235,Type_1_Normal,Normal,,250,55,20,35,20,45,75,2,FALSE,White,TRUE,0.5,Field,,Male,FALSE,1.19,58,45,bipedal_tailed
236,Type_1_Fighting,Fighting,,210,35,35,35,35,35,35,2,FALSE,Purple,TRUE,1,Undiscovered,,Male,FALSE,0.71,21,75,bipedal_tailless
237,Type_1_Fighting,Fighting,,455,50,95,95,35,110,70,2,FALSE,Brown,TRUE,1,Human-Like,,Male,FALSE,1.4,48,45,bipedal_tailed
238,Type_1_Ice,Ice,Psychic,305,45,30,15,85,65,65,2,FALSE,Pink,TRUE,0,Undiscovered,,Female,FALSE,0.41,6,45,bipedal_tailless
239,Type_1_Electric,Electric,,360,45,63,37,65,55,95,2,FALSE,Yellow,TRUE,0.75,Undiscovered,,Male,FALSE,0.61,23.5,45,bipedal_tailless
240,Type_1_Fire,Fire,,365,45,75,37,70,55,83,2,FALSE,Red,TRUE,0.75,Undiscovered,,Male,FALSE,0.71,21.4,45,bipedal_tailed
241,Type_1_Normal,Normal,,490,95,80,105,40,70,100,2,FALSE,Pink,TRUE,0,Field,,Female,FALSE,1.19,75.5,45,bipedal_tailed
242,Type_1_Normal,Normal,,540,255,10,10,75,135,55,2,FALSE,Pink,TRUE,0,Fairy,,Female,FALSE,1.5,46.8,30,bipedal_tailless
243,Type_1_Electric,Electric,,580,90,85,75,115,100,115,2,TRUE,Yellow,FALSE,,Undiscovered,,,FALSE,1.91,178,3,quadruped
244,Type_1_Fire,Fire,,580,115,115,85,90,75,100,2,TRUE,Brown,FALSE,,Undiscovered,,,FALSE,2.11,198,3,quadruped
245,Type_1_Water,Water,,580,100,75,115,90,115,85,2,TRUE,Blue,FALSE,,Undiscovered,,,FALSE,2.01,187,3,quadruped
246,Type_1_Rock,Rock,Ground,300,50,64,50,45,50,41,2,FALSE,Green,TRUE,0.5,Monster,,Male,FALSE,0.61,72,45,bipedal_tailed
247,Type_1_Rock,Rock,Ground,410,70,84,70,65,70,51,2,FALSE,Grey,TRUE,0.5,Monster,,Male,FALSE,1.19,152,45,serpentine_body
248,Type_1_Rock,Rock,Dark,600,100,134,110,95,100,61,2,FALSE,Green,TRUE,0.5,Monster,,Male,TRUE,2.01,202,45,bipedal_tailed
249,Type_1_Psychic,Psychic,Flying,680,106,90,130,90,154,110,2,TRUE,White,FALSE,,Undiscovered,,,FALSE,5.21,216,3,two_wings
250,Type_1_Fire,Fire,Flying,680,106,130,90,110,154,90,2,TRUE,Red,FALSE,,Undiscovered,,,FALSE,3.81,199,3,two_wings
251,Type_1_Psychic,Psychic,Grass,600,100,100,100,100,100,100,2,FALSE,Green,FALSE,,Undiscovered,,,FALSE,0.61,5,45,bipedal_tailless
252,Type_1_Grass,Grass,,310,40,45,35,65,55,70,3,FALSE,Green,TRUE,0.875,Monster,Dragon,Male,FALSE,0.51,5,45,bipedal_tailed
253,Type_1_Grass,Grass,,405,50,65,45,85,65,95,3,FALSE,Green,TRUE,0.875,Monster,Dragon,Male,FALSE,0.89,21.6,45,bipedal_tailed
254,Type_1_Grass,Grass,,530,70,85,65,105,85,120,3,FALSE,Green,TRUE,0.875,Monster,Dragon,Male,TRUE,1.7,52.2,45,bipedal_tailed
255,Type_1_Fire,Fire,,310,45,60,40,70,50,45,3,FALSE,Red,TRUE,0.875,Field,,Male,FALSE,0.41,2.5,45,head_legs
256,Type_1_Fire,Fire,Fighting,405,60,85,60,85,60,55,3,FALSE,Red,TRUE,0.875,Field,,Male,FALSE,0.89,19.5,45,bipedal_tailed
257,Type_1_Fire,Fire,Fighting,530,80,120,70,110,70,80,3,FALSE,Red,TRUE,0.875,Field,,Male,TRUE,1.91,52,45,bipedal_tailed
258,Type_1_Water,Water,,310,50,70,50,50,50,40,3,FALSE,Blue,TRUE,0.875,Monster,Water_1,Male,FALSE,0.41,7.6,45,quadruped
259,Type_1_Water,Water,Ground,405,70,85,70,60,70,50,3,FALSE,Blue,TRUE,0.875,Monster,Water_1,Male,FALSE,0.71,28,45,bipedal_tailed
260,Type_1_Water,Water,Ground,535,100,110,90,85,90,60,3,FALSE,Blue,TRUE,0.875,Monster,Water_1,Male,TRUE,1.5,81.9,45,bipedal_tailed
261,Type_1_Dark,Dark,,220,35,55,35,30,30,35,3,FALSE,Grey,TRUE,0.5,Field,,Male,FALSE,0.51,13.6,255,quadruped
262,Type_1_Dark,Dark,,420,70,90,70,60,60,70,3,FALSE,Grey,TRUE,0.5,Field,,Male,FALSE,0.99,37,127,quadruped
263,Type_1_Normal,Normal,,240,38,30,41,30,41,60,3,FALSE,Brown,TRUE,0.5,Field,,Male,FALSE,0.41,17.5,255,quadruped
264,Type_1_Normal,Normal,,420,78,70,61,50,61,100,3,FALSE,White,TRUE,0.5,Field,,Male,FALSE,0.51,32.5,90,quadruped
265,Type_1_Bug,Bug,,195,45,45,35,20,30,20,3,FALSE,Red,TRUE,0.5,Bug,,Male,FALSE,0.3,3.6,255,serpentine_body
266,Type_1_Bug,Bug,,205,50,35,55,25,25,15,3,FALSE,White,TRUE,0.5,Bug,,Male,FALSE,0.61,10,120,head_only
267,Type_1_Bug,Bug,Flying,395,60,70,50,100,50,65,3,FALSE,Yellow,TRUE,0.5,Bug,,Male,FALSE,0.99,28.4,45,four_wings
268,Type_1_Bug,Bug,,205,50,35,55,25,25,15,3,FALSE,Purple,TRUE,0.5,Bug,,Male,FALSE,0.71,11.5,120,head_only
269,Type_1_Bug,Bug,Poison,385,60,50,70,50,90,65,3,FALSE,Green,TRUE,0.5,Bug,,Male,FALSE,1.19,31.6,45,four_wings
270,Type_1_Water,Water,Grass,220,40,30,30,40,50,30,3,FALSE,Green,TRUE,0.5,Water_1,Grass,Male,FALSE,0.51,2.6,255,insectoid
271,Type_1_Water,Water,Grass,340,60,50,50,60,70,50,3,FALSE,Green,TRUE,0.5,Water_1,Grass,Male,FALSE,1.19,32.5,120,bipedal_tailless
272,Type_1_Water,Water,Grass,480,80,70,70,90,100,70,3,FALSE,Green,TRUE,0.5,Water_1,Grass,Male,FALSE,1.5,55,45,bipedal_tailless
273,Type_1_Grass,Grass,,220,40,40,50,30,30,30,3,FALSE,Brown,TRUE,0.5,Field,Grass,Male,FALSE,0.51,4,255,head_legs
274,Type_1_Grass,Grass,Dark,340,70,70,40,60,40,60,3,FALSE,Brown,TRUE,0.5,Field,Grass,Male,FALSE,0.99,28,120,bipedal_tailless
275,Type_1_Grass,Grass,Dark,480,90,100,60,90,60,80,3,FALSE,Brown,TRUE,0.5,Field,Grass,Male,FALSE,1.3,59.6,45,bipedal_tailless
276,Type_1_Normal,Normal,Flying,270,40,55,30,30,30,85,3,FALSE,Blue,TRUE,0.5,Flying,,Male,FALSE,0.3,2.3,200,two_wings
277,Type_1_Normal,Normal,Flying,430,60,85,60,50,50,125,3,FALSE,Blue,TRUE,0.5,Flying,,Male,FALSE,0.71,19.8,45,two_wings
278,Type_1_Water,Water,Flying,270,40,30,30,55,30,85,3,FALSE,White,TRUE,0.5,Water_1,Flying,Male,FALSE,0.61,9.5,190,two_wings
279,Type_1_Water,Water,Flying,430,60,50,100,85,70,65,3,FALSE,Yellow,TRUE,0.5,Water_1,Flying,Male,FALSE,1.19,28,45,two_wings
280,Type_1_Psychic,Psychic,Fairy,198,28,25,25,45,35,40,3,FALSE,White,TRUE,0.5,Amorphous,,Male,FALSE,0.41,6.6,235,bipedal_tailless
281,Type_1_Psychic,Psychic,Fairy,278,38,35,35,65,55,50,3,FALSE,White,TRUE,0.5,Amorphous,,Male,FALSE,0.79,20.2,120,bipedal_tailless
282,Type_1_Psychic,Psychic,Fairy,518,68,65,65,125,115,80,3,FALSE,White,TRUE,0.5,Amorphous,,Male,TRUE,1.6,48.4,45,bipedal_tailless
283,Type_1_Bug,Bug,Water,269,40,30,32,50,52,65,3,FALSE,Blue,TRUE,0.5,Water_1,Bug,Male,FALSE,0.51,1.7,200,insectoid
284,Type_1_Bug,Bug,Flying,414,70,60,62,80,82,60,3,FALSE,Blue,TRUE,0.5,Water_1,Bug,Male,FALSE,0.79,3.6,75,four_wings
285,Type_1_Grass,Grass,,295,60,40,60,40,60,35,3,FALSE,Brown,TRUE,0.5,Fairy,Grass,Male,FALSE,0.41,4.5,255,head_legs
286,Type_1_Grass,Grass,Fighting,460,60,130,80,60,60,70,3,FALSE,Green,TRUE,0.5,Fairy,Grass,Male,FALSE,1.19,39.2,90,bipedal_tailed
287,Type_1_Normal,Normal,,280,60,60,60,35,35,30,3,FALSE,Brown,TRUE,0.5,Field,,Male,FALSE,0.79,24,255,quadruped
288,Type_1_Normal,Normal,,440,80,80,80,55,55,90,3,FALSE,White,TRUE,0.5,Field,,Male,FALSE,1.4,46.5,120,bipedal_tailed
289,Type_1_Normal,Normal,,670,150,160,100,95,65,100,3,FALSE,Brown,TRUE,0.5,Field,,Male,FALSE,2.01,130.5,45,bipedal_tailless
290,Type_1_Bug,Bug,Ground,266,31,45,90,30,30,40,3,FALSE,Grey,TRUE,0.5,Bug,,Male,FALSE,0.51,5.5,255,insectoid
291,Type_1_Bug,Bug,Flying,456,61,90,45,50,50,160,3,FALSE,Yellow,TRUE,0.5,Bug,,Male,FALSE,0.79,12,120,four_wings
292,Type_1_Bug,Bug,Ghost,236,1,90,45,30,30,40,3,FALSE,Brown,FALSE,,Mineral,,,FALSE,0.79,1.2,45,head_base
293,Type_1_Normal,Normal,,240,64,51,23,51,23,28,3,FALSE,Pink,TRUE,0.5,Monster,Field,Male,FALSE,0.61,16.3,190,bipedal_tailed
294,Type_1_Normal,Normal,,360,84,71,43,71,43,48,3,FALSE,Blue,TRUE,0.5,Monster,Field,Male,FALSE,0.99,40.5,120,bipedal_tailed
295,Type_1_Normal,Normal,,490,104,91,63,91,73,68,3,FALSE,Blue,TRUE,0.5,Monster,Field,Male,FALSE,1.5,84,45,bipedal_tailed
296,Type_1_Fighting,Fighting,,237,72,60,30,20,30,25,3,FALSE,Yellow,TRUE,0.75,Human-Like,,Male,FALSE,0.99,86.4,180,bipedal_tailless
297,Type_1_Fighting,Fighting,,474,144,120,60,40,60,50,3,FALSE,Brown,TRUE,0.75,Human-Like,,Male,FALSE,2.31,253.8,200,bipedal_tailless
298,Type_1_Normal,Normal,Fairy,190,50,20,40,20,40,20,3,FALSE,Blue,TRUE,0.25,Undiscovered,,Female,FALSE,0.2,2,150,head_legs
299,Type_1_Rock,Rock,,375,30,45,135,45,90,30,3,FALSE,Grey,TRUE,0.5,Mineral,,Male,FALSE,0.99,97,255,bipedal_tailless
300,Type_1_Normal,Normal,,260,50,45,45,35,35,50,3,FALSE,Pink,TRUE,0.25,Field,Fairy,Female,FALSE,0.61,11,255,quadruped
301,Type_1_Normal,Normal,,380,70,65,65,55,55,70,3,FALSE,Purple,TRUE,0.25,Field,Fairy,Female,FALSE,1.09,32.6,60,quadruped
302,Type_1_Dark,Dark,Ghost,380,50,75,75,65,65,50,3,FALSE,Purple,TRUE,0.5,Human-Like,,Male,TRUE,0.51,11,45,bipedal_tailless
303,Type_1_Steel,Steel,Fairy,380,50,85,85,55,55,50,3,FALSE,Black,TRUE,0.5,Field,Fairy,Male,TRUE,0.61,11.5,45,bipedal_tailless
304,Type_1_Steel,Steel,Rock,330,50,70,100,40,40,30,3,FALSE,Grey,TRUE,0.5,Monster,,Male,FALSE,0.41,60,180,quadruped
305,Type_1_Steel,Steel,Rock,430,60,90,140,50,50,40,3,FALSE,Grey,TRUE,0.5,Monster,,Male,FALSE,0.89,120,90,quadruped
306,Type_1_Steel,Steel,Rock,530,70,110,180,60,60,50,3,FALSE,Grey,TRUE,0.5,Monster,,Male,TRUE,2.11,360,45,bipedal_tailed
307,Type_1_Fighting,Fighting,Psychic,280,30,40,55,40,55,60,3,FALSE,Blue,TRUE,0.5,Human-Like,,Male,FALSE,0.61,11.2,180,bipedal_tailless
308,Type_1_Fighting,Fighting,Psychic,410,60,60,75,60,75,80,3,FALSE,Red,TRUE,0.5,Human-Like,,Male,TRUE,1.3,31.5,90,bipedal_tailless
309,Type_1_Electric,Electric,,295,40,45,40,65,40,65,3,FALSE,Green,TRUE,0.5,Field,,Male,FALSE,0.61,15.2,120,quadruped
310,Type_1_Electric,Electric,,475,70,75,60,105,60,105,3,FALSE,Yellow,TRUE,0.5,Field,,Male,TRUE,1.5,40.2,45,quadruped
311,Type_1_Electric,Electric,,405,60,50,40,85,75,95,3,FALSE,Yellow,TRUE,0.5,Fairy,,Male,FALSE,0.41,4.2,200,bipedal_tailed
312,Type_1_Electric,Electric,,405,60,40,50,75,85,95,3,FALSE,Yellow,TRUE,0.5,Fairy,,Male,FALSE,0.41,4.2,200,bipedal_tailed
313,Type_1_Bug,Bug,,400,65,73,55,47,75,85,3,FALSE,Grey,TRUE,1,Bug,Human-Like,Male,FALSE,0.71,17.7,150,bipedal_tailed
314,Type_1_Bug,Bug,,400,65,47,55,73,75,85,3,FALSE,Purple,TRUE,0,Bug,Human-Like,Female,FALSE,0.61,17.7,150,bipedal_tailless
315,Type_1_Grass,Grass,Poison,400,50,60,45,100,80,65,3,FALSE,Green,TRUE,0.5,Fairy,Grass,Male,FALSE,0.3,2,150,bipedal_tailless
316,Type_1_Poison,Poison,,302,70,43,53,43,53,40,3,FALSE,Green,TRUE,0.5,Amorphous,,Male,FALSE,0.41,10.3,225,head_arms
317,Type_1_Poison,Poison,,467,100,73,83,73,83,55,3,FALSE,Purple,TRUE,0.5,Amorphous,,Male,FALSE,1.7,80,75,head_arms
318,Type_1_Water,Water,Dark,305,45,90,20,65,20,65,3,FALSE,Red,TRUE,0.5,Water_2,,Male,FALSE,0.79,20.8,225,with_fins
319,Type_1_Water,Water,Dark,460,70,120,40,95,40,95,3,FALSE,Blue,TRUE,0.5,Water_2,,Male,TRUE,1.8,88.8,60,with_fins
320,Type_1_Water,Water,,400,130,70,35,70,35,60,3,FALSE,Blue,TRUE,0.5,Field,Water_2,Male,FALSE,2.01,130,125,with_fins
321,Type_1_Water,Water,,500,170,90,45,90,45,60,3,FALSE,Blue,TRUE,0.5,Field,Water_2,Male,FALSE,14.5,398,60,with_fins
322,Type_1_Fire,Fire,Ground,305,60,60,40,65,45,35,3,FALSE,Yellow,TRUE,0.5,Field,,Male,FALSE,0.71,24,255,quadruped
323,Type_1_Fire,Fire,Ground,460,70,100,70,105,75,40,3,FALSE,Red,TRUE,0.5,Field,,Male,TRUE,1.91,220,150,quadruped
324,Type_1_Fire,Fire,,470,70,85,140,85,70,20,3,FALSE,Brown,TRUE,0.5,Field,,Male,FALSE,0.51,80.4,90,quadruped
325,Type_1_Psychic,Psychic,,330,60,25,35,70,80,60,3,FALSE,Black,TRUE,0.5,Field,,Male,FALSE,0.71,30.6,255,head_arms
326,Type_1_Psychic,Psychic,,470,80,45,65,90,110,80,3,FALSE,Purple,TRUE,0.5,Field,,Male,FALSE,0.89,71.5,60,bipedal_tailed
327,Type_1_Normal,Normal,,360,60,60,60,60,60,60,3,FALSE,Brown,TRUE,0.5,Field,Human-Like,Male,FALSE,1.09,5,255,bipedal_tailed
328,Type_1_Ground,Ground,,290,45,100,45,45,45,10,3,FALSE,Brown,TRUE,0.5,Bug,,Male,FALSE,0.71,15,255,insectoid
329,Type_1_Ground,Ground,Dragon,340,50,70,50,50,50,70,3,FALSE,Green,TRUE,0.5,Bug,,Male,FALSE,1.09,15.3,120,four_wings
330,Type_1_Ground,Ground,Dragon,520,80,100,80,80,80,100,3,FALSE,Green,TRUE,0.5,Bug,,Male,FALSE,2.01,82,45,two_wings
331,Type_1_Grass,Grass,,335,50,85,40,85,40,35,3,FALSE,Green,TRUE,0.5,Grass,Human-Like,Male,FALSE,0.41,51.3,190,bipedal_tailless
332,Type_1_Grass,Grass,Dark,475,70,115,60,115,60,55,3,FALSE,Green,TRUE,0.5,Grass,Human-Like,Male,FALSE,1.3,77.4,60,bipedal_tailless
333,Type_1_Normal,Normal,Flying,310,45,40,60,40,75,50,3,FALSE,Blue,TRUE,0.5,Flying,Dragon,Male,FALSE,0.41,1.2,255,two_wings
334,Type_1_Dragon,Dragon,Flying,490,75,70,90,70,105,80,3,FALSE,Blue,TRUE,0.5,Flying,Dragon,Male,TRUE,1.09,20.6,45,two_wings
335,Type_1_Normal,Normal,,458,73,115,60,60,60,90,3,FALSE,White,TRUE,0.5,Field,,Male,FALSE,1.3,40.3,90,bipedal_tailed
336,Type_1_Poison,Poison,,458,73,100,60,100,60,65,3,FALSE,Black,TRUE,0.5,Field,Dragon,Male,FALSE,2.69,52.5,90,serpentine_body
337,Type_1_Rock,Rock,Psychic,440,70,55,65,95,85,70,3,FALSE,Yellow,FALSE,,Mineral,,,FALSE,0.99,168,45,head_only
338,Type_1_Rock,Rock,Psychic,440,70,95,85,55,65,70,3,FALSE,Red,FALSE,,Mineral,,,FALSE,1.19,154,45,head_only
339,Type_1_Water,Water,Ground,288,50,48,43,46,41,60,3,FALSE,Grey,TRUE,0.5,Water_2,,Male,FALSE,0.41,1.9,190,with_fins
340,Type_1_Water,Water,Ground,468,110,78,73,76,71,60,3,FALSE,Blue,TRUE,0.5,Water_2,,Male,FALSE,0.89,23.6,75,with_fins
341,Type_1_Water,Water,,308,43,80,65,50,35,35,3,FALSE,Red,TRUE,0.5,Water_1,Water_3,Male,FALSE,0.61,11.5,205,insectoid
342,Type_1_Water,Water,Dark,468,63,120,85,90,55,55,3,FALSE,Red,TRUE,0.5,Water_1,Water_3,Male,FALSE,1.09,32.8,155,insectoid
343,Type_1_Ground,Ground,Psychic,300,40,40,55,40,70,55,3,FALSE,Brown,FALSE,,Mineral,,,FALSE,0.51,21.5,255,head_arms
344,Type_1_Ground,Ground,Psychic,500,60,70,105,70,120,75,3,FALSE,Black,FALSE,,Mineral,,,FALSE,1.5,108,90,head_arms
345,Type_1_Rock,Rock,Grass,355,66,41,77,61,87,23,3,FALSE,Purple,TRUE,0.875,Water_3,,Male,FALSE,0.99,23.8,45,head_base
346,Type_1_Rock,Rock,Grass,495,86,81,97,81,107,43,3,FALSE,Green,TRUE,0.875,Water_3,,Male,FALSE,1.5,60.4,45,head_base
347,Type_1_Rock,Rock,Bug,355,45,95,50,40,50,75,3,FALSE,Grey,TRUE,0.875,Water_3,,Male,FALSE,0.71,12.5,45,insectoid
348,Type_1_Rock,Rock,Bug,495,75,125,100,70,80,45,3,FALSE,Grey,TRUE,0.875,Water_3,,Male,FALSE,1.5,68.2,45,bipedal_tailed
349,Type_1_Water,Water,,200,20,15,20,10,55,80,3,FALSE,Brown,TRUE,0.5,Water_1,Dragon,Male,FALSE,0.61,7.4,255,with_fins
350,Type_1_Water,Water,,540,95,60,79,100,125,81,3,FALSE,Pink,TRUE,0.5,Water_1,Dragon,Male,FALSE,6.2,162,60,serpentine_body
351,Type_1_Normal,Normal,,420,70,70,70,70,70,70,3,FALSE,White,TRUE,0.5,Fairy,Amorphous,Male,FALSE,0.3,0.8,45,head_only
352,Type_1_Normal,Normal,,440,60,90,70,60,120,40,3,FALSE,Green,TRUE,0.5,Field,,Male,FALSE,0.99,22,200,bipedal_tailed
353,Type_1_Ghost,Ghost,,295,44,75,35,63,33,45,3,FALSE,Black,TRUE,0.5,Amorphous,,Male,FALSE,0.61,2.3,225,head_only
354,Type_1_Ghost,Ghost,,455,64,115,65,83,63,65,3,FALSE,Black,TRUE,0.5,Amorphous,,Male,TRUE,1.09,12.5,45,bipedal_tailed
355,Type_1_Ghost,Ghost,,295,20,40,90,30,90,25,3,FALSE,Black,TRUE,0.5,Amorphous,,Male,FALSE,0.79,15,190,head_arms
356,Type_1_Ghost,Ghost,,455,40,70,130,60,130,25,3,FALSE,Black,TRUE,0.5,Amorphous,,Male,FALSE,1.6,30.6,90,bipedal_tailless
357,Type_1_Grass,Grass,Flying,460,99,68,83,72,87,51,3,FALSE,Green,TRUE,0.5,Monster,Grass,Male,FALSE,2.01,100,200,quadruped
358,Type_1_Psychic,Psychic,,425,65,50,70,95,80,65,3,FALSE,Blue,TRUE,0.5,Amorphous,,Male,FALSE,0.61,1,45,head_arms
359,Type_1_Dark,Dark,,465,65,130,60,75,60,75,3,FALSE,White,TRUE,0.5,Field,,Male,TRUE,1.19,47,30,quadruped
360,Type_1_Psychic,Psychic,,260,95,23,48,23,48,23,3,FALSE,Blue,TRUE,0.5,Undiscovered,,Male,FALSE,0.61,14,125,bipedal_tailed
361,Type_1_Ice,Ice,,300,50,50,50,50,50,50,3,FALSE,Grey,TRUE,0.5,Fairy,Mineral,Male,FALSE,0.71,16.8,190,bipedal_tailless
362,Type_1_Ice,Ice,,480,80,80,80,80,80,80,3,FALSE,Grey,TRUE,0.5,Fairy,Mineral,Male,TRUE,1.5,256.5,75,head_only
363,Type_1_Ice,Ice,Water,290,70,40,50,55,50,25,3,FALSE,Blue,TRUE,0.5,Water_1,Field,Male,FALSE,0.79,39.5,255,with_fins
364,Type_1_Ice,Ice,Water,410,90,60,70,75,70,45,3,FALSE,Blue,TRUE,0.5,Water_1,Field,Male,FALSE,1.09,87.6,120,with_fins
365,Type_1_Ice,Ice,Water,530,110,80,90,95,90,65,3,FALSE,Blue,TRUE,0.5,Water_1,Field,Male,FALSE,1.4,150.6,45,quadruped
366,Type_1_Water,Water,,345,35,64,85,74,55,32,3,FALSE,Blue,TRUE,0.5,Water_1,,Male,FALSE,0.41,52.5,255,head_only
367,Type_1_Water,Water,,485,55,104,105,94,75,52,3,FALSE,Blue,TRUE,0.5,Water_1,,Male,FALSE,1.7,27,60,serpentine_body
368,Type_1_Water,Water,,485,55,84,105,114,75,52,3,FALSE,Pink,TRUE,0.5,Water_1,,Male,FALSE,1.8,22.6,60,serpentine_body
369,Type_1_Water,Water,Rock,485,100,90,130,45,65,55,3,FALSE,Grey,TRUE,0.875,Water_1,Water_2,Male,FALSE,0.99,23.4,25,with_fins
370,Type_1_Water,Water,,330,43,30,55,40,65,97,3,FALSE,Pink,TRUE,0.25,Water_2,,Female,FALSE,0.61,8.7,225,with_fins
371,Type_1_Dragon,Dragon,,300,45,75,60,40,30,50,3,FALSE,Blue,TRUE,0.5,Dragon,,Male,FALSE,0.61,42.1,45,bipedal_tailless
372,Type_1_Dragon,Dragon,,420,65,95,100,60,50,50,3,FALSE,White,TRUE,0.5,Dragon,,Male,FALSE,1.09,110.5,45,quadruped
373,Type_1_Dragon,Dragon,Flying,600,95,135,80,110,80,100,3,FALSE,Blue,TRUE,0.5,Dragon,,Male,TRUE,1.5,102.6,45,quadruped
374,Type_1_Steel,Steel,Psychic,300,40,55,80,35,60,30,3,FALSE,Blue,FALSE,,Mineral,,,FALSE,0.61,95.2,3,head_base
375,Type_1_Steel,Steel,Psychic,420,60,75,100,55,80,50,3,FALSE,Blue,FALSE,,Mineral,,,FALSE,1.19,202.5,3,head_arms
376,Type_1_Steel,Steel,Psychic,600,80,135,130,95,90,70,3,FALSE,Blue,FALSE,,Mineral,,,TRUE,1.6,550,3,multiple_bodies
377,Type_1_Rock,Rock,,580,80,100,200,50,100,50,3,TRUE,Brown,FALSE,,Undiscovered,,,FALSE,1.7,230,3,bipedal_tailless
378,Type_1_Ice,Ice,,580,80,50,100,100,200,50,3,TRUE,Blue,FALSE,,Undiscovered,,,FALSE,1.8,175,3,bipedal_tailless
379,Type_1_Steel,Steel,,580,80,75,150,75,150,50,3,TRUE,Grey,FALSE,,Undiscovered,,,FALSE,1.91,205,3,bipedal_tailless
380,Type_1_Dragon,Dragon,Psychic,600,80,80,90,110,130,110,3,TRUE,Red,TRUE,0,Undiscovered,,Female,TRUE,1.4,40,3,two_wings
381,Type_1_Dragon,Dragon,Psychic,600,80,90,80,130,110,110,3,TRUE,Blue,TRUE,1,Undiscovered,,Male,TRUE,2.01,60,3,two_wings
382,Type_1_Water,Water,,670,100,100,90,150,140,90,3,TRUE,Blue,FALSE,,Undiscovered,,,FALSE,4.5,352,3,with_fins
383,Type_1_Ground,Ground,,670,100,150,140,100,90,90,3,TRUE,Red,FALSE,,Undiscovered,,,FALSE,3.51,950,3,bipedal_tailed
384,Type_1_Dragon,Dragon,Flying,680,105,150,90,150,90,95,3,TRUE,Green,FALSE,,Undiscovered,,,TRUE,7.01,206.5,45,serpentine_body
385,Type_1_Steel,Steel,Psychic,600,100,100,100,100,100,100,3,TRUE,Yellow,FALSE,,Undiscovered,,,FALSE,0.3,1.1,3,bipedal_tailless
386,Type_1_Psychic,Psychic,,600,50,150,50,150,50,150,3,TRUE,Red,FALSE,,Undiscovered,,,FALSE,1.7,60.8,3,bipedal_tailless
387,Type_1_Grass,Grass,,318,55,68,64,45,55,31,4,FALSE,Green,TRUE,0.875,Monster,Grass,Male,FALSE,0.41,10.2,45,quadruped
388,Type_1_Grass,Grass,,405,75,89,85,55,65,36,4,FALSE,Green,TRUE,0.875,Monster,Grass,Male,FALSE,1.09,97,45,quadruped
389,Type_1_Grass,Grass,Ground,525,95,109,105,75,85,56,4,FALSE,Green,TRUE,0.875,Monster,Grass,Male,FALSE,2.21,310,45,quadruped
390,Type_1_Fire,Fire,,309,44,58,44,58,44,61,4,FALSE,Brown,TRUE,0.875,Field,Human-Like,Male,FALSE,0.51,6.2,45,bipedal_tailed
391,Type_1_Fire,Fire,Fighting,405,64,78,52,78,52,81,4,FALSE,Brown,TRUE,0.875,Field,Human-Like,Male,FALSE,0.89,22,45,bipedal_tailed
392,Type_1_Fire,Fire,Fighting,534,76,104,71,104,71,108,4,FALSE,Brown,TRUE,0.875,Field,Human-Like,Male,FALSE,1.19,55,45,bipedal_tailed
393,Type_1_Water,Water,,314,53,51,53,61,56,40,4,FALSE,Blue,TRUE,0.875,Water_1,Field,Male,FALSE,0.41,5.2,45,bipedal_tailless
394,Type_1_Water,Water,,405,64,66,68,81,76,50,4,FALSE,Blue,TRUE,0.875,Water_1,Field,Male,FALSE,0.79,23,45,bipedal_tailed
395,Type_1_Water,Water,Steel,530,84,86,88,111,101,60,4,FALSE,Blue,TRUE,0.875,Water_1,Field,Male,FALSE,1.7,84.5,45,bipedal_tailed
396,Type_1_Normal,Normal,Flying,245,40,55,30,30,30,60,4,FALSE,Brown,TRUE,0.5,Flying,,Male,FALSE,0.3,2,255,two_wings
397,Type_1_Normal,Normal,Flying,340,55,75,50,40,40,80,4,FALSE,Brown,TRUE,0.5,Flying,,Male,FALSE,0.61,15.5,120,two_wings
398,Type_1_Normal,Normal,Flying,485,85,120,70,50,60,100,4,FALSE,Brown,TRUE,0.5,Flying,,Male,FALSE,1.19,24.9,45,two_wings
399,Type_1_Normal,Normal,,250,59,45,40,35,40,31,4,FALSE,Brown,TRUE,0.5,Water_1,Field,Male,FALSE,0.51,20,255,quadruped
400,Type_1_Normal,Normal,Water,410,79,85,60,55,60,71,4,FALSE,Brown,TRUE,0.5,Water_1,Field,Male,FALSE,0.99,31.5,127,bipedal_tailed
401,Type_1_Bug,Bug,,194,37,25,41,25,41,25,4,FALSE,Red,TRUE,0.5,Bug,,Male,FALSE,0.3,2.2,255,bipedal_tailless
402,Type_1_Bug,Bug,,384,77,85,51,55,51,65,4,FALSE,Red,TRUE,0.5,Bug,,Male,FALSE,0.99,25.5,45,four_wings
403,Type_1_Electric,Electric,,263,45,65,34,40,34,45,4,FALSE,Blue,TRUE,0.5,Field,,Male,FALSE,0.51,9.5,235,quadruped
404,Type_1_Electric,Electric,,363,60,85,49,60,49,60,4,FALSE,Blue,TRUE,0.5,Field,,Male,FALSE,0.89,30.5,120,quadruped
405,Type_1_Electric,Electric,,523,80,120,79,95,79,70,4,FALSE,Blue,TRUE,0.5,Field,,Male,FALSE,1.4,42,45,quadruped
406,Type_1_Grass,Grass,Poison,280,40,30,35,50,70,55,4,FALSE,Green,TRUE,0.5,Undiscovered,,Male,FALSE,0.2,1.2,255,bipedal_tailless
407,Type_1_Grass,Grass,Poison,515,60,70,65,125,105,90,4,FALSE,Green,TRUE,0.5,Fairy,Grass,Male,FALSE,0.89,14.5,75,bipedal_tailless
408,Type_1_Rock,Rock,,350,67,125,40,30,30,58,4,FALSE,Blue,TRUE,0.875,Monster,,Male,FALSE,0.89,31.5,45,bipedal_tailed
409,Type_1_Rock,Rock,,495,97,165,60,65,50,58,4,FALSE,Blue,TRUE,0.875,Monster,,Male,FALSE,1.6,102.5,45,bipedal_tailed
410,Type_1_Rock,Rock,Steel,350,30,42,118,42,88,30,4,FALSE,Grey,TRUE,0.875,Monster,,Male,FALSE,0.51,57,45,quadruped
411,Type_1_Rock,Rock,Steel,495,60,52,168,47,138,30,4,FALSE,Grey,TRUE,0.875,Monster,,Male,FALSE,1.3,149.5,45,quadruped
412,Type_1_Bug,Bug,,224,40,29,45,29,45,36,4,FALSE,Grey,TRUE,0.5,Bug,,Male,FALSE,0.2,3.4,120,head_base
413,Type_1_Bug,Bug,Grass,424,60,59,85,79,105,36,4,FALSE,Grey,TRUE,0,Bug,,Female,FALSE,0.51,6.5,45,head_base
414,Type_1_Bug,Bug,Flying,424,70,94,50,94,50,66,4,FALSE,Yellow,TRUE,1,Bug,,Male,FALSE,0.89,23.3,45,four_wings
415,Type_1_Bug,Bug,Flying,244,30,30,42,30,42,70,4,FALSE,Yellow,TRUE,0.875,Bug,,Male,FALSE,0.3,5.5,120,multiple_bodies
416,Type_1_Bug,Bug,Flying,474,70,80,102,80,102,40,4,FALSE,Yellow,TRUE,0,Bug,,Female,FALSE,1.19,38.5,45,four_wings
417,Type_1_Electric,Electric,,405,60,45,70,45,90,95,4,FALSE,White,TRUE,0.5,Field,Fairy,Male,FALSE,0.41,3.9,200,quadruped
418,Type_1_Water,Water,,330,55,65,35,60,30,85,4,FALSE,Brown,TRUE,0.5,Water_1,Field,Male,FALSE,0.71,29.5,190,quadruped
419,Type_1_Water,Water,,495,85,105,55,85,50,115,4,FALSE,Brown,TRUE,0.5,Water_1,Field,Male,FALSE,1.09,33.5,75,quadruped
420,Type_1_Grass,Grass,,275,45,35,45,62,53,35,4,FALSE,Pink,TRUE,0.5,Fairy,Grass,Male,FALSE,0.41,3.3,190,multiple_bodies
421,Type_1_Grass,Grass,,450,70,60,70,87,78,85,4,FALSE,Pink,TRUE,0.5,Fairy,Grass,Male,FALSE,0.51,9.3,75,head_legs
422,Type_1_Water,Water,,325,76,48,48,57,62,34,4,FALSE,Purple,TRUE,0.5,Water_1,Amorphous,Male,FALSE,0.3,6.3,190,serpentine_body
423,Type_1_Water,Water,Ground,475,111,83,68,92,82,39,4,FALSE,Purple,TRUE,0.5,Water_1,Amorphous,Male,FALSE,0.89,29.9,75,serpentine_body
424,Type_1_Normal,Normal,,482,75,100,66,60,66,115,4,FALSE,Purple,TRUE,0.5,Field,,Male,FALSE,1.19,20.3,45,bipedal_tailed
425,Type_1_Ghost,Ghost,Flying,348,90,50,34,60,44,70,4,FALSE,Purple,TRUE,0.5,Amorphous,,Male,FALSE,0.41,1.2,125,head_arms
426,Type_1_Ghost,Ghost,Flying,498,150,80,44,90,54,80,4,FALSE,Purple,TRUE,0.5,Amorphous,,Male,FALSE,1.19,15,60,head_arms
427,Type_1_Normal,Normal,,350,55,66,44,44,56,85,4,FALSE,Brown,TRUE,0.5,Field,Human-Like,Male,FALSE,0.41,5.5,190,bipedal_tailed
428,Type_1_Normal,Normal,,480,65,76,84,54,96,105,4,FALSE,Brown,TRUE,0.5,Field,Human-Like,Male,TRUE,1.19,33.3,60,bipedal_tailed
429,Type_1_Ghost,Ghost,,495,60,60,60,105,105,105,4,FALSE,Purple,TRUE,0.5,Amorphous,,Male,FALSE,0.89,4.4,45,head_only
430,Type_1_Dark,Dark,Flying,505,100,125,52,105,52,71,4,FALSE,Black,TRUE,0.5,Flying,,Male,FALSE,0.89,27.3,30,two_wings
431,Type_1_Normal,Normal,,310,49,55,42,42,37,85,4,FALSE,Grey,TRUE,0.25,Field,,Female,FALSE,0.51,3.9,190,quadruped
432,Type_1_Normal,Normal,,452,71,82,64,64,59,112,4,FALSE,Grey,TRUE,0.25,Field,,Female,FALSE,0.99,43.8,75,quadruped
433,Type_1_Psychic,Psychic,,285,45,30,50,65,50,45,4,FALSE,Yellow,TRUE,0.5,Undiscovered,,Male,FALSE,0.2,0.6,120,bipedal_tailless
434,Type_1_Poison,Poison,Dark,329,63,63,47,41,41,74,4,FALSE,Purple,TRUE,0.5,Field,,Male,FALSE,0.41,19.2,225,quadruped
435,Type_1_Poison,Poison,Dark,479,103,93,67,71,61,84,4,FALSE,Purple,TRUE,0.5,Field,,Male,FALSE,0.99,38,60,quadruped
436,Type_1_Steel,Steel,Psychic,300,57,24,86,24,86,23,4,FALSE,Green,FALSE,,Mineral,,,FALSE,0.51,60.5,255,head_only
437,Type_1_Steel,Steel,Psychic,500,67,89,116,79,116,33,4,FALSE,Green,FALSE,,Mineral,,,FALSE,1.3,187,90,head_arms
438,Type_1_Rock,Rock,,290,50,80,95,10,45,10,4,FALSE,Brown,TRUE,0.5,Undiscovered,,Male,FALSE,0.51,15,255,head_legs
439,Type_1_Psychic,Psychic,Fairy,310,20,25,45,70,90,60,4,FALSE,Pink,TRUE,0.5,Undiscovered,,Male,FALSE,0.61,13,145,bipedal_tailless
440,Type_1_Normal,Normal,,220,100,5,5,15,65,30,4,FALSE,Pink,TRUE,0,Undiscovered,,Female,FALSE,0.61,24.4,130,bipedal_tailless
441,Type_1_Normal,Normal,Flying,411,76,65,45,92,42,91,4,FALSE,Black,TRUE,0.5,Flying,,Male,FALSE,0.51,1.9,30,two_wings
442,Type_1_Ghost,Ghost,Dark,485,50,92,108,92,108,35,4,FALSE,Purple,TRUE,0.5,Amorphous,,Male,FALSE,0.99,108,100,head_base
443,Type_1_Dragon,Dragon,Ground,300,58,70,45,40,45,42,4,FALSE,Blue,TRUE,0.5,Monster,Dragon,Male,FALSE,0.71,20.5,45,bipedal_tailed
444,Type_1_Dragon,Dragon,Ground,410,68,90,65,50,55,82,4,FALSE,Blue,TRUE,0.5,Monster,Dragon,Male,FALSE,1.4,56,45,bipedal_tailed
445,Type_1_Dragon,Dragon,Ground,600,108,130,95,80,85,102,4,FALSE,Blue,TRUE,0.5,Monster,Dragon,Male,TRUE,1.91,95,45,bipedal_tailed
446,Type_1_Normal,Normal,,390,135,85,40,40,85,5,4,FALSE,Black,TRUE,0.875,Undiscovered,,Male,FALSE,0.61,105,50,bipedal_tailless
447,Type_1_Fighting,Fighting,,285,40,70,40,35,40,60,4,FALSE,Blue,TRUE,0.875,Undiscovered,,Male,FALSE,0.71,20.2,75,bipedal_tailed
448,Type_1_Fighting,Fighting,Steel,525,70,110,70,115,70,90,4,FALSE,Blue,TRUE,0.875,Field,Human-Like,Male,TRUE,1.19,54,45,bipedal_tailed
449,Type_1_Ground,Ground,,330,68,72,78,38,42,32,4,FALSE,Brown,TRUE,0.5,Field,,Male,FALSE,0.79,49.5,140,quadruped
450,Type_1_Ground,Ground,,525,108,112,118,68,72,47,4,FALSE,Brown,TRUE,0.5,Field,,Male,FALSE,2.01,300,60,quadruped
451,Type_1_Poison,Poison,Bug,330,40,50,90,30,55,65,4,FALSE,Purple,TRUE,0.5,Bug,Water_3,Male,FALSE,0.79,12,120,insectoid
452,Type_1_Poison,Poison,Dark,500,70,90,110,60,75,95,4,FALSE,Purple,TRUE,0.5,Bug,Water_3,Male,FALSE,1.3,61.5,45,insectoid
453,Type_1_Poison,Poison,Fighting,300,48,61,40,61,40,50,4,FALSE,Blue,TRUE,0.5,Human-Like,,Male,FALSE,0.71,23,140,bipedal_tailless
454,Type_1_Poison,Poison,Fighting,490,83,106,65,86,65,85,4,FALSE,Blue,TRUE,0.5,Human-Like,,Male,FALSE,1.3,44.4,75,bipedal_tailless
455,Type_1_Grass,Grass,,454,74,100,72,90,72,46,4,FALSE,Green,TRUE,0.5,Grass,,Male,FALSE,1.4,27,200,several_limbs
456,Type_1_Water,Water,,330,49,49,56,49,61,66,4,FALSE,Blue,TRUE,0.5,Water_2,,Male,FALSE,0.41,7,190,with_fins
457,Type_1_Water,Water,,460,69,69,76,69,86,91,4,FALSE,Blue,TRUE,0.5,Water_2,,Male,FALSE,1.19,24,75,with_fins
458,Type_1_Water,Water,Flying,345,45,20,50,60,120,50,4,FALSE,Blue,TRUE,0.5,Undiscovered,,Male,FALSE,0.99,65,25,two_wings
459,Type_1_Grass,Grass,Ice,334,60,62,50,62,60,40,4,FALSE,White,TRUE,0.5,Monster,Grass,Male,FALSE,0.99,50.5,120,bipedal_tailed
460,Type_1_Grass,Grass,Ice,494,90,92,75,92,85,60,4,FALSE,White,TRUE,0.5,Monster,Grass,Male,TRUE,2.21,135.5,60,bipedal_tailed
461,Type_1_Dark,Dark,Ice,510,70,120,65,45,85,125,4,FALSE,Black,TRUE,0.5,Field,,Male,FALSE,1.09,34,45,bipedal_tailed
462,Type_1_Electric,Electric,Steel,535,70,70,115,130,90,60,4,FALSE,Grey,FALSE,,Mineral,,,FALSE,1.19,180,30,head_arms
463,Type_1_Normal,Normal,,515,110,85,95,80,95,50,4,FALSE,Pink,TRUE,0.5,Monster,,Male,FALSE,1.7,140,30,bipedal_tailless
464,Type_1_Ground,Ground,Rock,535,115,140,130,55,55,40,4,FALSE,Grey,TRUE,0.5,Monster,Field,Male,FALSE,2.39,282.8,30,bipedal_tailed
465,Type_1_Grass,Grass,,535,100,100,125,110,50,50,4,FALSE,Blue,TRUE,0.5,Grass,,Male,FALSE,2.01,128.6,30,bipedal_tailless
466,Type_1_Electric,Electric,,540,75,123,67,95,85,95,4,FALSE,Yellow,TRUE,0.75,Human-Like,,Male,FALSE,1.8,138.6,30,bipedal_tailed
467,Type_1_Fire,Fire,,540,75,95,67,125,95,83,4,FALSE,Red,TRUE,0.75,Human-Like,,Male,FALSE,1.6,68,30,bipedal_tailed
468,Type_1_Fairy,Fairy,Flying,545,85,50,95,120,115,80,4,FALSE,White,TRUE,0.875,Flying,Fairy,Male,FALSE,1.5,38,30,two_wings
469,Type_1_Bug,Bug,Flying,515,86,76,86,116,56,95,4,FALSE,Green,TRUE,0.5,Bug,,Male,FALSE,1.91,51.5,30,four_wings
470,Type_1_Grass,Grass,,525,65,110,130,60,65,95,4,FALSE,Green,TRUE,0.875,Field,,Male,FALSE,0.99,25.5,45,quadruped
471,Type_1_Ice,Ice,,525,65,60,110,130,95,65,4,FALSE,Blue,TRUE,0.875,Field,,Male,FALSE,0.79,25.9,45,quadruped
472,Type_1_Ground,Ground,Flying,510,75,95,125,45,75,95,4,FALSE,Purple,TRUE,0.5,Bug,,Male,FALSE,2.01,42.5,30,two_wings
473,Type_1_Ice,Ice,Ground,530,110,130,80,70,60,80,4,FALSE,Brown,TRUE,0.5,Field,,Male,FALSE,2.49,291,50,quadruped
474,Type_1_Normal,Normal,,535,85,80,70,135,75,90,4,FALSE,Red,FALSE,,Mineral,,,FALSE,0.89,34,30,head_arms
475,Type_1_Psychic,Psychic,Fighting,518,68,125,65,65,115,80,4,FALSE,White,TRUE,1,Amorphous,,Male,TRUE,1.6,52,45,bipedal_tailless
476,Type_1_Rock,Rock,Steel,525,60,55,145,75,150,40,4,FALSE,Grey,TRUE,0.5,Mineral,,Male,FALSE,1.4,340,60,multiple_bodies
477,Type_1_Ghost,Ghost,,525,45,100,135,65,135,45,4,FALSE,Black,TRUE,0.5,Amorphous,,Male,FALSE,2.21,106.6,45,head_arms
478,Type_1_Ice,Ice,Ghost,480,70,80,70,80,70,110,4,FALSE,White,TRUE,0,Fairy,Mineral,Female,FALSE,1.3,26.6,75,head_arms
479,Type_1_Electric,Electric,Ghost,440,50,50,77,95,77,91,4,FALSE,Red,FALSE,,Amorphous,,,FALSE,0.3,0.3,45,head_only
480,Type_1_Psychic,Psychic,,580,75,75,130,75,130,95,4,TRUE,Yellow,FALSE,,Undiscovered,,,FALSE,0.3,0.3,3,bipedal_tailed
481,Type_1_Psychic,Psychic,,580,80,105,105,105,105,80,4,TRUE,Pink,FALSE,,Undiscovered,,,FALSE,0.3,0.3,3,bipedal_tailed
482,Type_1_Psychic,Psychic,,580,75,125,70,125,70,115,4,TRUE,Blue,FALSE,,Undiscovered,,,FALSE,0.3,0.3,3,bipedal_tailed
483,Type_1_Steel,Steel,Dragon,680,100,120,120,150,100,90,4,TRUE,White,FALSE,,Undiscovered,,,FALSE,5.41,683,3,quadruped
484,Type_1_Water,Water,Dragon,680,90,120,100,150,120,100,4,TRUE,Purple,FALSE,,Undiscovered,,,FALSE,4.19,336,3,bipedal_tailed
485,Type_1_Fire,Fire,Steel,600,91,90,106,130,106,77,4,TRUE,Brown,TRUE,0.5,Undiscovered,,Male,FALSE,1.7,430,3,quadruped
486,Type_1_Normal,Normal,,670,110,160,110,80,110,100,4,TRUE,White,FALSE,,Undiscovered,,,FALSE,3.71,420,3,bipedal_tailless
487,Type_1_Ghost,Ghost,Dragon,680,150,120,100,120,100,90,4,TRUE,Black,FALSE,,Undiscovered,,,FALSE,6.91,650,3,serpentine_body
488,Type_1_Psychic,Psychic,,600,120,70,120,75,130,85,4,FALSE,Yellow,TRUE,0,Undiscovered,,Female,FALSE,1.5,85.6,3,serpentine_body
489,Type_1_Water,Water,,480,80,80,80,80,80,80,4,FALSE,Blue,FALSE,,Water_1,Fairy,,FALSE,0.41,3.1,30,head_arms
490,Type_1_Water,Water,,600,100,100,100,100,100,100,4,FALSE,Blue,FALSE,,Water_1,Fairy,,FALSE,0.3,1.4,3,bipedal_tailless
491,Type_1_Dark,Dark,,600,70,90,90,135,90,125,4,TRUE,Black,FALSE,,Undiscovered,,,FALSE,1.5,50.5,3,bipedal_tailless
492,Type_1_Grass,Grass,,600,100,100,100,100,100,100,4,TRUE,Green,FALSE,,Undiscovered,,,FALSE,0.2,2.1,45,quadruped
493,Type_1_Normal,Normal,,720,120,120,120,120,120,120,4,TRUE,Grey,FALSE,,Undiscovered,,,FALSE,3.2,320,3,quadruped
494,Type_1_Psychic,Psychic,Fire,600,100,100,100,100,100,100,5,TRUE,Yellow,FALSE,,Undiscovered,,,FALSE,0.41,4,3,bipedal_tailless
495,Type_1_Grass,Grass,,308,45,45,55,45,55,63,5,FALSE,Green,TRUE,0.875,Field,Grass,Male,FALSE,0.61,8.1,45,bipedal_tailed
496,Type_1_Grass,Grass,,413,60,60,75,60,75,83,5,FALSE,Green,TRUE,0.875,Field,Grass,Male,FALSE,0.79,16,45,bipedal_tailed
497,Type_1_Grass,Grass,,528,75,75,95,75,95,113,5,FALSE,Green,TRUE,0.875,Field,Grass,Male,FALSE,3.3,63,45,serpentine_body
498,Type_1_Fire,Fire,,308,65,63,45,45,45,45,5,FALSE,Red,TRUE,0.875,Field,,Male,FALSE,0.51,9.9,45,quadruped
499,Type_1_Fire,Fire,Fighting,418,90,93,55,70,55,55,5,FALSE,Red,TRUE,0.875,Field,,Male,FALSE,0.99,55.5,45,bipedal_tailed
500,Type_1_Fire,Fire,Fighting,528,110,123,65,100,65,65,5,FALSE,Red,TRUE,0.875,Field,,Male,FALSE,1.6,150,45,bipedal_tailed
501,Type_1_Water,Water,,308,55,55,45,63,45,45,5,FALSE,Blue,TRUE,0.875,Field,,Male,FALSE,0.51,5.9,45,bipedal_tailed
502,Type_1_Water,Water,,413,75,75,60,83,60,60,5,FALSE,Blue,TRUE,0.875,Field,,Male,FALSE,0.79,24.5,45,bipedal_tailed
503,Type_1_Water,Water,,528,95,100,85,108,70,70,5,FALSE,Blue,TRUE,0.875,Field,,Male,FALSE,1.5,94.6,45,quadruped
504,Type_1_Normal,Normal,,255,45,55,39,35,39,42,5,FALSE,Brown,TRUE,0.5,Field,,Male,FALSE,0.51,11.6,255,quadruped
505,Type_1_Normal,Normal,,420,60,85,69,60,69,77,5,FALSE,Brown,TRUE,0.5,Field,,Male,FALSE,1.09,27,255,bipedal_tailed
506,Type_1_Normal,Normal,,275,45,60,45,25,45,55,5,FALSE,Brown,TRUE,0.5,Field,,Male,FALSE,0.41,4.1,255,quadruped
507,Type_1_Normal,Normal,,370,65,80,65,35,65,60,5,FALSE,Grey,TRUE,0.5,Field,,Male,FALSE,0.89,14.7,120,quadruped
508,Type_1_Normal,Normal,,500,85,110,90,45,90,80,5,FALSE,Grey,TRUE,0.5,Field,,Male,FALSE,1.19,61,45,quadruped
509,Type_1_Dark,Dark,,281,41,50,37,50,37,66,5,FALSE,Purple,TRUE,0.5,Field,,Male,FALSE,0.41,10.1,255,quadruped
510,Type_1_Dark,Dark,,446,64,88,50,88,50,106,5,FALSE,Purple,TRUE,0.5,Field,,Male,FALSE,1.09,37.5,90,quadruped
511,Type_1_Grass,Grass,,316,50,53,48,53,48,64,5,FALSE,Green,TRUE,0.875,Field,,Male,FALSE,0.61,10.5,190,bipedal_tailed
512,Type_1_Grass,Grass,,498,75,98,63,98,63,101,5,FALSE,Green,TRUE,0.875,Field,,Male,FALSE,1.09,30.5,75,bipedal_tailed
513,Type_1_Fire,Fire,,316,50,53,48,53,48,64,5,FALSE,Red,TRUE,0.875,Field,,Male,FALSE,0.61,11,190,bipedal_tailed
514,Type_1_Fire,Fire,,498,75,98,63,98,63,101,5,FALSE,Red,TRUE,0.875,Field,,Male,FALSE,0.99,28,75,bipedal_tailed
515,Type_1_Water,Water,,316,50,53,48,53,48,64,5,FALSE,Blue,TRUE,0.875,Field,,Male,FALSE,0.61,13.5,190,bipedal_tailed
516,Type_1_Water,Water,,498,75,98,63,98,63,101,5,FALSE,Blue,TRUE,0.875,Field,,Male,FALSE,0.99,29,75,bipedal_tailed
517,Type_1_Psychic,Psychic,,292,76,25,45,67,55,24,5,FALSE,Pink,TRUE,0.5,Field,,Male,FALSE,0.61,23.3,190,quadruped
518,Type_1_Psychic,Psychic,,487,116,55,85,107,95,29,5,FALSE,Pink,TRUE,0.5,Field,,Male,FALSE,1.09,60.5,75,bipedal_tailless
519,Type_1_Normal,Normal,Flying,264,50,55,50,36,30,43,5,FALSE,Grey,TRUE,0.5,Flying,,Male,FALSE,0.3,2.1,255,two_wings
520,Type_1_Normal,Normal,Flying,358,62,77,62,50,42,65,5,FALSE,Grey,TRUE,0.5,Flying,,Male,FALSE,0.61,15,120,two_wings
521,Type_1_Normal,Normal,Flying,488,80,115,80,65,55,93,5,FALSE,Grey,TRUE,0.5,Flying,,Male,FALSE,1.19,29,45,two_wings
522,Type_1_Electric,Electric,,295,45,60,32,50,32,76,5,FALSE,Black,TRUE,0.5,Field,,Male,FALSE,0.79,29.8,190,quadruped
523,Type_1_Electric,Electric,,497,75,100,63,80,63,116,5,FALSE,Black,TRUE,0.5,Field,,Male,FALSE,1.6,79.5,75,quadruped
524,Type_1_Rock,Rock,,280,55,75,85,25,25,15,5,FALSE,Blue,TRUE,0.5,Mineral,,Male,FALSE,0.41,18,255,head_legs
525,Type_1_Rock,Rock,,390,70,105,105,50,40,20,5,FALSE,Blue,TRUE,0.5,Mineral,,Male,FALSE,0.89,102,120,several_limbs
526,Type_1_Rock,Rock,,515,85,135,130,60,80,25,5,FALSE,Blue,TRUE,0.5,Mineral,,Male,FALSE,1.7,260,45,several_limbs
527,Type_1_Psychic,Psychic,Flying,313,55,45,43,55,43,72,5,FALSE,Blue,TRUE,0.5,Field,Flying,Male,FALSE,0.41,2.1,190,two_wings
528,Type_1_Psychic,Psychic,Flying,425,67,57,55,77,55,114,5,FALSE,Blue,TRUE,0.5,Field,Flying,Male,FALSE,0.89,10.5,45,two_wings
529,Type_1_Ground,Ground,,328,60,85,40,30,45,68,5,FALSE,Grey,TRUE,0.5,Field,,Male,FALSE,0.3,8.5,120,bipedal_tailed
530,Type_1_Ground,Ground,Steel,508,110,135,60,50,65,88,5,FALSE,Grey,TRUE,0.5,Field,,Male,FALSE,0.71,40.4,60,bipedal_tailless
531,Type_1_Normal,Normal,,445,103,60,86,60,86,50,5,FALSE,Pink,TRUE,0.5,Fairy,,Male,TRUE,1.09,31,255,bipedal_tailed
532,Type_1_Fighting,Fighting,,305,75,80,55,25,35,35,5,FALSE,Grey,TRUE,0.75,Human-Like,,Male,FALSE,0.61,12.5,180,bipedal_tailless
533,Type_1_Fighting,Fighting,,405,85,105,85,40,50,40,5,FALSE,Grey,TRUE,0.75,Human-Like,,Male,FALSE,1.19,40,90,bipedal_tailless
534,Type_1_Fighting,Fighting,,505,105,140,95,55,65,45,5,FALSE,Grey,TRUE,0.75,Human-Like,,Male,FALSE,1.4,87,45,bipedal_tailless
535,Type_1_Water,Water,,294,50,50,40,50,40,64,5,FALSE,Blue,TRUE,0.5,Water_1,,Male,FALSE,0.51,4.5,255,with_fins
536,Type_1_Water,Water,Ground,384,75,65,55,65,55,69,5,FALSE,Blue,TRUE,0.5,Water_1,,Male,FALSE,0.79,17,120,bipedal_tailed
537,Type_1_Water,Water,Ground,509,105,95,75,85,75,74,5,FALSE,Blue,TRUE,0.5,Water_1,,Male,FALSE,1.5,62,45,bipedal_tailless
538,Type_1_Fighting,Fighting,,465,120,100,85,30,85,45,5,FALSE,Red,TRUE,1,Human-Like,,Male,FALSE,1.3,55.5,45,bipedal_tailless
539,Type_1_Fighting,Fighting,,465,75,125,75,30,75,85,5,FALSE,Blue,TRUE,1,Human-Like,,Male,FALSE,1.4,51,45,bipedal_tailless
540,Type_1_Bug,Bug,Grass,310,45,53,70,40,60,42,5,FALSE,Yellow,TRUE,0.5,Bug,,Male,FALSE,0.3,2.5,255,insectoid
541,Type_1_Bug,Bug,Grass,380,55,63,90,50,80,42,5,FALSE,Green,TRUE,0.5,Bug,,Male,FALSE,0.51,7.3,120,head_arms
542,Type_1_Bug,Bug,Grass,500,75,103,80,70,80,92,5,FALSE,Yellow,TRUE,0.5,Bug,,Male,FALSE,1.19,20.5,45,bipedal_tailless
543,Type_1_Bug,Bug,Poison,260,30,45,59,30,39,57,5,FALSE,Red,TRUE,0.5,Bug,,Male,FALSE,0.41,5.3,255,insectoid
544,Type_1_Bug,Bug,Poison,360,40,55,99,40,79,47,5,FALSE,Grey,TRUE,0.5,Bug,,Male,FALSE,1.19,58.5,120,head_only
545,Type_1_Bug,Bug,Poison,485,60,100,89,55,69,112,5,FALSE,Red,TRUE,0.5,Bug,,Male,FALSE,2.49,200.5,45,insectoid
546,Type_1_Grass,Grass,Fairy,280,40,27,60,37,50,66,5,FALSE,Green,TRUE,0.5,Grass,Fairy,Male,FALSE,0.3,0.6,190,head_only
547,Type_1_Grass,Grass,Fairy,480,60,67,85,77,75,116,5,FALSE,Green,TRUE,0.5,Grass,Fairy,Male,FALSE,0.71,6.6,75,bipedal_tailless
548,Type_1_Grass,Grass,,280,45,35,50,70,50,30,5,FALSE,Green,TRUE,0,Grass,,Female,FALSE,0.51,6.6,190,head_base
549,Type_1_Grass,Grass,,480,70,60,75,110,75,90,5,FALSE,Green,TRUE,0,Grass,,Female,FALSE,1.09,16.3,75,head_base
550,Type_1_Water,Water,,460,70,92,65,80,55,98,5,FALSE,Green,TRUE,0.5,Water_2,,Male,FALSE,0.99,18,25,with_fins
551,Type_1_Ground,Ground,Dark,292,50,72,35,35,35,65,5,FALSE,Brown,TRUE,0.5,Field,,Male,FALSE,0.71,15.2,180,quadruped
552,Type_1_Ground,Ground,Dark,351,60,82,45,45,45,74,5,FALSE,Brown,TRUE,0.5,Field,,Male,FALSE,0.99,33.4,90,quadruped
553,Type_1_Ground,Ground,Dark,519,95,117,80,65,70,92,5,FALSE,Red,TRUE,0.5,Field,,Male,FALSE,1.5,96.3,45,bipedal_tailed
554,Type_1_Fire,Fire,,315,70,90,45,15,45,50,5,FALSE,Red,TRUE,0.5,Field,,Male,FALSE,0.61,37.5,120,bipedal_tailless
555,Type_1_Fire,Fire,,480,105,140,55,30,55,95,5,FALSE,Red,TRUE,0.5,Field,,Male,FALSE,1.3,92.9,60,quadruped
556,Type_1_Grass,Grass,,461,75,86,67,106,67,60,5,FALSE,Green,TRUE,0.5,Grass,,Male,FALSE,0.99,28,255,head_base
557,Type_1_Bug,Bug,Rock,325,50,65,85,35,35,55,5,FALSE,Red,TRUE,0.5,Bug,Mineral,Male,FALSE,0.3,14.5,190,insectoid
558,Type_1_Bug,Bug,Rock,475,70,95,125,65,75,45,5,FALSE,Red,TRUE,0.5,Bug,Mineral,Male,FALSE,1.4,200,75,insectoid
559,Type_1_Dark,Dark,Fighting,348,50,75,70,35,70,48,5,FALSE,Yellow,TRUE,0.5,Field,Dragon,Male,FALSE,0.61,11.8,180,bipedal_tailed
560,Type_1_Dark,Dark,Fighting,488,65,90,115,45,115,58,5,FALSE,Red,TRUE,0.5,Field,Dragon,Male,FALSE,1.09,30,90,bipedal_tailed
561,Type_1_Psychic,Psychic,Flying,490,72,58,80,103,80,97,5,FALSE,Black,TRUE,0.5,Flying,,Male,FALSE,1.4,14,45,two_wings
562,Type_1_Ghost,Ghost,,303,38,30,85,55,65,30,5,FALSE,Black,TRUE,0.5,Mineral,Amorphous,Male,FALSE,0.51,1.5,190,head_arms
563,Type_1_Ghost,Ghost,,483,58,50,145,95,105,30,5,FALSE,Yellow,TRUE,0.5,Mineral,Amorphous,Male,FALSE,1.7,76.5,90,head_base
564,Type_1_Water,Water,Rock,355,54,78,103,53,45,22,5,FALSE,Blue,TRUE,0.875,Water_1,Water_3,Male,FALSE,0.71,16.5,45,quadruped
565,Type_1_Water,Water,Rock,495,74,108,133,83,65,32,5,FALSE,Blue,TRUE,0.875,Water_1,Water_3,Male,FALSE,1.19,81,45,bipedal_tailed
566,Type_1_Rock,Rock,Flying,401,55,112,45,74,45,70,5,FALSE,Yellow,TRUE,0.875,Flying,Water_3,Male,FALSE,0.51,9.5,45,two_wings
567,Type_1_Rock,Rock,Flying,567,75,140,65,112,65,110,5,FALSE,Yellow,TRUE,0.875,Flying,Water_3,Male,FALSE,1.4,32,45,two_wings
568,Type_1_Poison,Poison,,329,50,50,62,40,62,65,5,FALSE,Green,TRUE,0.5,Mineral,,Male,FALSE,0.61,31,190,bipedal_tailless
569,Type_1_Poison,Poison,,474,80,95,82,60,82,75,5,FALSE,Green,TRUE,0.5,Mineral,,Male,FALSE,1.91,107.3,60,bipedal_tailless
570,Type_1_Dark,Dark,,330,40,65,40,80,40,65,5,FALSE,Grey,TRUE,0.875,Field,,Male,FALSE,0.71,12.5,75,quadruped
571,Type_1_Dark,Dark,,510,60,105,60,120,60,105,5,FALSE,Grey,TRUE,0.875,Field,,Male,FALSE,1.6,81.1,45,bipedal_tailed
572,Type_1_Normal,Normal,,300,55,50,40,40,40,75,5,FALSE,Grey,TRUE,0.25,Field,,Female,FALSE,0.41,5.8,255,quadruped
573,Type_1_Normal,Normal,,470,75,95,60,65,60,115,5,FALSE,Grey,TRUE,0.25,Field,,Female,FALSE,0.51,7.5,60,quadruped
574,Type_1_Psychic,Psychic,,290,45,30,50,55,65,45,5,FALSE,Purple,TRUE,0.25,Human-Like,,Female,FALSE,0.41,5.8,200,bipedal_tailless
575,Type_1_Psychic,Psychic,,390,60,45,70,75,85,55,5,FALSE,Purple,TRUE,0.25,Human-Like,,Female,FALSE,0.71,18,100,bipedal_tailless
576,Type_1_Psychic,Psychic,,490,70,55,95,95,110,65,5,FALSE,Purple,TRUE,0.25,Human-Like,,Female,FALSE,1.5,44,50,bipedal_tailless
577,Type_1_Psychic,Psychic,,290,45,30,40,105,50,20,5,FALSE,Green,TRUE,0.5,Amorphous,,Male,FALSE,0.3,1,200,head_only
578,Type_1_Psychic,Psychic,,370,65,40,50,125,60,30,5,FALSE,Green,TRUE,0.5,Amorphous,,Male,FALSE,0.61,8,100,head_only
579,Type_1_Psychic,Psychic,,490,110,65,75,125,85,30,5,FALSE,Green,TRUE,0.5,Amorphous,,Male,FALSE,0.99,20.1,50,head_arms
580,Type_1_Water,Water,Flying,305,62,44,50,44,50,55,5,FALSE,Blue,TRUE,0.5,Water_1,Flying,Male,FALSE,0.51,5.5,190,two_wings
581,Type_1_Water,Water,Flying,473,75,87,63,87,63,98,5,FALSE,White,TRUE,0.5,Water_1,Flying,Male,FALSE,1.3,24.2,45,two_wings
582,Type_1_Ice,Ice,,305,36,50,50,65,60,44,5,FALSE,White,TRUE,0.5,Mineral,,Male,FALSE,0.41,5.7,255,head_base
583,Type_1_Ice,Ice,,395,51,65,65,80,75,59,5,FALSE,White,TRUE,0.5,Mineral,,Male,FALSE,1.09,41,120,head_base
584,Type_1_Ice,Ice,,535,71,95,85,110,95,79,5,FALSE,White,TRUE,0.5,Mineral,,Male,FALSE,1.3,57.5,45,multiple_bodies
585,Type_1_Normal,Normal,Grass,335,60,60,50,40,50,75,5,FALSE,Yellow,TRUE,0.5,Field,,Male,FALSE,0.61,19.5,190,quadruped
586,Type_1_Normal,Normal,Grass,475,80,100,70,60,70,95,5,FALSE,Brown,TRUE,0.5,Field,,Male,FALSE,1.91,92.5,75,quadruped
587,Type_1_Electric,Electric,Flying,428,55,75,60,75,60,103,5,FALSE,White,TRUE,0.5,Field,,Male,FALSE,0.41,5,200,quadruped
588,Type_1_Bug,Bug,,315,50,75,45,40,45,60,5,FALSE,Blue,TRUE,0.5,Bug,,Male,FALSE,0.51,5.9,200,bipedal_tailless
589,Type_1_Bug,Bug,Steel,495,70,135,105,60,105,20,5,FALSE,Grey,TRUE,0.5,Bug,,Male,FALSE,0.99,33,75,head_arms
590,Type_1_Grass,Grass,Poison,294,69,55,45,55,55,15,5,FALSE,White,TRUE,0.5,Grass,,Male,FALSE,0.2,1,190,head_arms
591,Type_1_Grass,Grass,Poison,464,114,85,70,85,80,30,5,FALSE,Grey,TRUE,0.5,Grass,,Male,FALSE,0.61,10.5,75,head_arms
592,Type_1_Water,Water,Ghost,335,55,40,50,65,85,40,5,FALSE,White,TRUE,0.5,Amorphous,,Male,FALSE,1.19,33,190,several_limbs
593,Type_1_Water,Water,Ghost,480,100,60,70,85,105,60,5,FALSE,White,TRUE,0.5,Amorphous,,Male,FALSE,2.21,135,60,several_limbs
594,Type_1_Water,Water,,470,165,75,80,40,45,65,5,FALSE,Pink,TRUE,0.5,Water_1,Water_2,Male,FALSE,1.19,31.6,75,with_fins
595,Type_1_Bug,Bug,Electric,319,50,47,50,57,50,65,5,FALSE,Yellow,TRUE,0.5,Bug,,Male,FALSE,0.1,0.6,190,insectoid
596,Type_1_Bug,Bug,Electric,472,70,77,60,97,60,108,5,FALSE,Yellow,TRUE,0.5,Bug,,Male,FALSE,0.79,14.3,75,insectoid
597,Type_1_Grass,Grass,Steel,305,44,50,91,24,86,10,5,FALSE,Grey,TRUE,0.5,Grass,Mineral,Male,FALSE,0.61,18.8,255,head_only
598,Type_1_Grass,Grass,Steel,489,74,94,131,54,116,20,5,FALSE,Grey,TRUE,0.5,Grass,Mineral,Male,FALSE,0.99,110,90,several_limbs
599,Type_1_Steel,Steel,,300,40,55,70,45,60,30,5,FALSE,Grey,FALSE,,Mineral,,,FALSE,0.3,21,130,multiple_bodies
600,Type_1_Steel,Steel,,440,60,80,95,70,85,50,5,FALSE,Grey,FALSE,,Mineral,,,FALSE,0.61,51,60,multiple_bodies
601,Type_1_Steel,Steel,,520,60,100,115,70,85,90,5,FALSE,Grey,FALSE,,Mineral,,,FALSE,0.61,81,30,multiple_bodies
602,Type_1_Electric,Electric,,275,35,55,40,45,40,60,5,FALSE,White,TRUE,0.5,Amorphous,,Male,FALSE,0.2,0.3,190,with_fins
603,Type_1_Electric,Electric,,405,65,85,70,75,70,40,5,FALSE,Blue,TRUE,0.5,Amorphous,,Male,FALSE,1.19,22,60,with_fins
604,Type_1_Electric,Electric,,515,85,115,80,105,80,50,5,FALSE,Blue,TRUE,0.5,Amorphous,,Male,FALSE,2.11,80.5,30,with_fins
605,Type_1_Psychic,Psychic,,335,55,55,55,85,55,30,5,FALSE,Grey,TRUE,0.5,Human-Like,,Male,FALSE,0.51,9,255,bipedal_tailed
606,Type_1_Psychic,Psychic,,485,75,75,75,125,95,40,5,FALSE,Brown,TRUE,0.5,Human-Like,,Male,FALSE,0.99,34.5,90,bipedal_tailless
607,Type_1_Ghost,Ghost,Fire,275,50,30,55,65,55,20,5,FALSE,White,TRUE,0.5,Amorphous,,Male,FALSE,0.3,3.1,190,head_base
608,Type_1_Ghost,Ghost,Fire,370,60,40,60,95,60,55,5,FALSE,Black,TRUE,0.5,Amorphous,,Male,FALSE,0.61,13,90,head_arms
609,Type_1_Ghost,Ghost,Fire,520,60,55,90,145,90,80,5,FALSE,Black,TRUE,0.5,Amorphous,,Male,FALSE,0.99,34.3,45,head_arms
610,Type_1_Dragon,Dragon,,320,46,87,60,30,40,57,5,FALSE,Green,TRUE,0.5,Monster,Dragon,Male,FALSE,0.61,18,75,bipedal_tailed
611,Type_1_Dragon,Dragon,,410,66,117,70,40,50,67,5,FALSE,Green,TRUE,0.5,Monster,Dragon,Male,FALSE,0.99,36,60,bipedal_tailed
612,Type_1_Dragon,Dragon,,540,76,147,90,60,70,97,5,FALSE,Yellow,TRUE,0.5,Monster,Dragon,Male,FALSE,1.8,105.5,45,bipedal_tailed
613,Type_1_Ice,Ice,,305,55,70,40,60,40,40,5,FALSE,Blue,TRUE,0.5,Field,,Male,FALSE,0.51,8.5,120,bipedal_tailed
614,Type_1_Ice,Ice,,485,95,110,80,70,80,50,5,FALSE,White,TRUE,0.5,Field,,Male,FALSE,2.59,260,60,quadruped
615,Type_1_Ice,Ice,,485,70,50,30,95,135,105,5,FALSE,Blue,FALSE,,Mineral,,,FALSE,1.09,148,25,head_only
616,Type_1_Bug,Bug,,305,50,40,85,40,65,25,5,FALSE,Red,TRUE,0.5,Bug,,Male,FALSE,0.41,7.7,200,head_only
617,Type_1_Bug,Bug,,495,80,70,40,100,60,145,5,FALSE,Red,TRUE,0.5,Bug,,Male,FALSE,0.79,25.3,75,head_arms
618,Type_1_Ground,Ground,Electric,471,109,66,84,81,99,32,5,FALSE,Brown,TRUE,0.5,Water_1,Amorphous,Male,FALSE,0.71,11,75,with_fins
619,Type_1_Fighting,Fighting,,350,45,85,50,55,50,65,5,FALSE,Yellow,TRUE,0.5,Field,Human-Like,Male,FALSE,0.89,20,180,bipedal_tailed
620,Type_1_Fighting,Fighting,,510,65,125,60,95,60,105,5,FALSE,Purple,TRUE,0.5,Field,Human-Like,Male,FALSE,1.4,35.5,45,bipedal_tailed
621,Type_1_Dragon,Dragon,,485,77,120,90,60,90,48,5,FALSE,Red,TRUE,0.5,Dragon,Monster,Male,FALSE,1.6,139,45,bipedal_tailed
622,Type_1_Ground,Ground,Ghost,303,59,74,50,35,50,35,5,FALSE,Green,FALSE,,Mineral,,,FALSE,0.99,92,190,bipedal_tailless
623,Type_1_Ground,Ground,Ghost,483,89,124,80,55,80,55,5,FALSE,Green,FALSE,,Mineral,,,FALSE,2.79,330,90,bipedal_tailless
624,Type_1_Dark,Dark,Steel,340,45,85,70,40,40,60,5,FALSE,Red,TRUE,0.5,Human-Like,,Male,FALSE,0.51,10.2,120,bipedal_tailless
625,Type_1_Dark,Dark,Steel,490,65,125,100,60,70,70,5,FALSE,Red,TRUE,0.5,Human-Like,,Male,FALSE,1.6,70,45,bipedal_tailless
626,Type_1_Normal,Normal,,490,95,110,95,40,95,55,5,FALSE,Brown,TRUE,0.5,Field,,Male,FALSE,1.6,94.6,45,quadruped
627,Type_1_Normal,Normal,Flying,350,70,83,50,37,50,60,5,FALSE,White,TRUE,1,Flying,,Male,FALSE,0.51,10.5,190,two_wings
628,Type_1_Normal,Normal,Flying,510,100,123,75,57,75,80,5,FALSE,Red,TRUE,1,Flying,,Male,FALSE,1.5,41,60,two_wings
629,Type_1_Dark,Dark,Flying,370,70,55,75,45,65,60,5,FALSE,Brown,TRUE,0,Flying,,Female,FALSE,0.51,9,190,two_wings
630,Type_1_Dark,Dark,Flying,510,110,65,105,55,95,80,5,FALSE,Brown,TRUE,0,Flying,,Female,FALSE,1.19,39.5,60,two_wings
631,Type_1_Fire,Fire,,484,85,97,66,105,66,65,5,FALSE,Red,TRUE,0.5,Field,,Male,FALSE,1.4,58,90,bipedal_tailed
632,Type_1_Bug,Bug,Steel,484,58,109,112,48,48,109,5,FALSE,Grey,TRUE,0.5,Bug,,Male,FALSE,0.3,33,90,insectoid
633,Type_1_Dark,Dark,Dragon,300,52,65,50,45,50,38,5,FALSE,Blue,TRUE,0.5,Dragon,,Male,FALSE,0.79,17.3,45,quadruped
634,Type_1_Dark,Dark,Dragon,420,72,85,70,65,70,58,5,FALSE,Blue,TRUE,0.5,Dragon,,Male,FALSE,1.4,50,45,quadruped
635,Type_1_Dark,Dark,Dragon,600,92,105,90,125,90,98,5,FALSE,Blue,TRUE,0.5,Dragon,,Male,FALSE,1.8,160,45,bipedal_tailed
636,Type_1_Bug,Bug,Fire,360,55,85,55,50,55,60,5,FALSE,White,TRUE,0.5,Bug,,Male,FALSE,1.09,28.8,45,insectoid
637,Type_1_Bug,Bug,Fire,550,85,60,65,135,105,100,5,FALSE,White,TRUE,0.5,Bug,,Male,FALSE,1.6,46,15,four_wings
638,Type_1_Steel,Steel,Fighting,580,91,90,129,90,72,108,5,TRUE,Blue,FALSE,,Undiscovered,,,FALSE,2.11,250,3,quadruped
639,Type_1_Rock,Rock,Fighting,580,91,129,90,72,90,108,5,TRUE,Grey,FALSE,,Undiscovered,,,FALSE,1.91,260,3,quadruped
640,Type_1_Grass,Grass,Fighting,580,91,90,72,90,129,108,5,TRUE,Green,FALSE,,Undiscovered,,,FALSE,2.01,200,3,quadruped
641,Type_1_Flying,Flying,,580,79,115,70,125,80,111,5,TRUE,Green,TRUE,1,Undiscovered,,Male,FALSE,1.5,63,3,head_arms
642,Type_1_Electric,Electric,Flying,580,79,115,70,125,80,111,5,TRUE,Blue,TRUE,1,Undiscovered,,Male,FALSE,1.5,61,3,head_arms
643,Type_1_Dragon,Dragon,Fire,680,100,120,100,150,120,90,5,TRUE,White,FALSE,,Undiscovered,,,FALSE,3.2,330,3,two_wings
644,Type_1_Dragon,Dragon,Electric,680,100,150,120,120,100,90,5,TRUE,Black,FALSE,,Undiscovered,,,FALSE,2.9,345,3,bipedal_tailed
645,Type_1_Ground,Ground,Flying,600,89,125,90,115,80,101,5,TRUE,Brown,TRUE,1,Undiscovered,,Male,FALSE,1.5,68,3,head_arms
646,Type_1_Dragon,Dragon,Ice,660,125,130,90,130,90,95,5,TRUE,Grey,FALSE,,Undiscovered,,,FALSE,3,325,3,bipedal_tailed
647,Type_1_Water,Water,Fighting,580,91,72,90,129,90,108,5,FALSE,Yellow,FALSE,,Undiscovered,,,FALSE,1.4,48.5,3,quadruped
648,Type_1_Normal,Normal,Psychic,600,100,77,77,128,128,90,5,FALSE,White,FALSE,,Undiscovered,,,FALSE,0.61,6.5,3,bipedal_tailless
649,Type_1_Bug,Bug,Steel,600,71,120,95,120,95,99,5,FALSE,Purple,FALSE,,Undiscovered,,,FALSE,1.5,82.5,3,bipedal_tailless
650,Type_1_Grass,Grass,,313,56,61,65,48,45,38,6,FALSE,Green,TRUE,0.875,Field,,Male,FALSE,0.41,9,45,bipedal_tailed
651,Type_1_Grass,Grass,,405,61,78,95,56,58,57,6,FALSE,Green,TRUE,0.875,Field,,Male,FALSE,0.71,29,45,bipedal_tailed
652,Type_1_Grass,Grass,Fighting,530,88,107,122,74,75,64,6,FALSE,Green,TRUE,0.875,Field,,Male,FALSE,1.6,90,45,bipedal_tailed
653,Type_1_Fire,Fire,,307,40,45,40,62,60,60,6,FALSE,Red,TRUE,0.875,Field,,Male,FALSE,0.41,9.4,45,quadruped
654,Type_1_Fire,Fire,,409,59,59,58,90,70,73,6,FALSE,Red,TRUE,0.875,Field,,Male,FALSE,0.99,14.5,45,bipedal_tailed
655,Type_1_Fire,Fire,Psychic,534,75,69,72,114,100,104,6,FALSE,Red,TRUE,0.875,Field,,Male,FALSE,1.5,39,45,bipedal_tailed
656,Type_1_Water,Water,,314,41,56,40,62,44,71,6,FALSE,Blue,TRUE,0.875,Water_1,,Male,FALSE,0.3,7,45,quadruped
657,Type_1_Water,Water,,405,54,63,52,83,56,97,6,FALSE,Blue,TRUE,0.875,Water_1,,Male,FALSE,0.61,10.9,45,bipedal_tailless
658,Type_1_Water,Water,Dark,530,72,95,67,103,71,122,6,FALSE,Blue,TRUE,0.875,Water_1,,Male,FALSE,1.5,40,45,bipedal_tailless
659,Type_1_Normal,Normal,,237,38,36,38,32,36,57,6,FALSE,Brown,TRUE,0.5,Field,,Male,FALSE,0.41,5,255,bipedal_tailed
660,Type_1_Normal,Normal,Ground,423,85,56,77,50,77,78,6,FALSE,Brown,TRUE,0.5,Field,,Male,FALSE,0.99,42.4,127,bipedal_tailed
661,Type_1_Normal,Normal,Flying,278,45,50,43,40,38,62,6,FALSE,Red,TRUE,0.5,Flying,,Male,FALSE,0.3,1.7,255,two_wings
662,Type_1_Fire,Fire,Flying,382,62,73,55,56,52,84,6,FALSE,Red,TRUE,0.5,Flying,,Male,FALSE,0.71,16,120,two_wings
663,Type_1_Fire,Fire,Flying,499,78,81,71,74,69,126,6,FALSE,Red,TRUE,0.5,Flying,,Male,FALSE,1.19,24.5,45,two_wings
664,Type_1_Bug,Bug,,200,38,35,40,27,25,35,6,FALSE,Black,TRUE,0.5,Bug,,Male,FALSE,0.3,2.5,255,insectoid
665,Type_1_Bug,Bug,,213,45,22,60,27,30,29,6,FALSE,Black,TRUE,0.5,Bug,,Male,FALSE,0.3,8.4,120,head_base
666,Type_1_Bug,Bug,Flying,411,80,52,50,90,50,89,6,FALSE,Black,TRUE,0.5,Bug,,Male,FALSE,1.19,17,45,four_wings
667,Type_1_Fire,Fire,Normal,369,62,50,58,73,54,72,6,FALSE,Brown,TRUE,0.125,Field,,Female,FALSE,0.61,13.5,220,quadruped
668,Type_1_Fire,Fire,Normal,507,86,68,72,109,66,106,6,FALSE,Brown,TRUE,0.125,Field,,Female,FALSE,1.5,81.5,65,quadruped
669,Type_1_Fairy,Fairy,,303,44,38,39,61,79,42,6,FALSE,White,TRUE,0,Fairy,,Female,FALSE,0.1,0.1,225,head_arms
670,Type_1_Fairy,Fairy,,371,54,45,47,75,98,52,6,FALSE,White,TRUE,0,Fairy,,Female,FALSE,0.2,0.9,120,head_arms
671,Type_1_Fairy,Fairy,,552,78,65,68,112,154,75,6,FALSE,White,TRUE,0,Fairy,,Female,FALSE,1.09,10,45,head_arms
672,Type_1_Grass,Grass,,350,66,65,48,62,57,52,6,FALSE,Brown,TRUE,0.5,Field,,Male,FALSE,0.89,31,200,quadruped
673,Type_1_Grass,Grass,,531,123,100,62,97,81,68,6,FALSE,Brown,TRUE,0.5,Field,,Male,FALSE,1.7,91,45,quadruped
674,Type_1_Fighting,Fighting,,348,67,82,62,46,48,43,6,FALSE,White,TRUE,0.5,Field,Human-Like,Male,FALSE,0.61,8,220,bipedal_tailed
675,Type_1_Fighting,Fighting,Dark,495,95,124,78,69,71,58,6,FALSE,White,TRUE,0.5,Field,Human-Like,Male,FALSE,2.11,136,65,bipedal_tailless
676,Type_1_Normal,Normal,,472,75,80,60,65,90,102,6,FALSE,White,TRUE,0.5,Field,,Male,FALSE,1.19,28,160,quadruped
677,Type_1_Psychic,Psychic,,355,62,48,54,63,60,68,6,FALSE,Grey,TRUE,0.5,Field,,Male,FALSE,0.3,3.5,190,bipedal_tailed
678,Type_1_Psychic,Psychic,,466,74,48,76,83,81,104,6,FALSE,White,TRUE,0.5,Field,,Male,FALSE,0.61,8.5,75,bipedal_tailed
679,Type_1_Steel,Steel,Ghost,325,45,80,100,35,37,28,6,FALSE,Brown,TRUE,0.5,Mineral,,Male,FALSE,0.79,2,180,head_base
680,Type_1_Steel,Steel,Ghost,448,59,110,150,45,49,35,6,FALSE,Brown,TRUE,0.5,Mineral,,Male,FALSE,0.84,4.5,90,multiple_bodies
681,Type_1_Steel,Steel,Ghost,520,60,50,150,50,150,60,6,FALSE,Brown,TRUE,0.5,Mineral,,Male,FALSE,1.7,53,45,head_base
682,Type_1_Fairy,Fairy,,341,78,52,60,63,65,23,6,FALSE,Pink,TRUE,0.5,Fairy,,Male,FALSE,0.2,0.5,200,head_arms
683,Type_1_Fairy,Fairy,,462,101,72,72,99,89,29,6,FALSE,Pink,TRUE,0.5,Fairy,,Male,FALSE,0.79,15.5,140,bipedal_tailless
684,Type_1_Fairy,Fairy,,341,62,48,66,59,57,49,6,FALSE,White,TRUE,0.5,Fairy,,Male,FALSE,0.41,3.5,200,head_legs
685,Type_1_Fairy,Fairy,,480,82,80,86,85,75,72,6,FALSE,White,TRUE,0.5,Fairy,,Male,FALSE,0.79,5,140,bipedal_tailless
686,Type_1_Dark,Dark,Psychic,288,53,54,53,37,46,45,6,FALSE,Blue,TRUE,0.5,Water_1,Water_2,Male,FALSE,0.41,3.5,190,several_limbs
687,Type_1_Dark,Dark,Psychic,482,86,92,88,68,75,73,6,FALSE,Blue,TRUE,0.5,Water_1,Water_2,Male,FALSE,1.5,47,80,head_base
688,Type_1_Rock,Rock,Water,306,42,52,67,39,56,50,6,FALSE,Brown,TRUE,0.5,Water_3,,Male,FALSE,0.51,31,120,multiple_bodies
689,Type_1_Rock,Rock,Water,500,72,105,115,54,86,68,6,FALSE,Brown,TRUE,0.5,Water_3,,Male,FALSE,1.3,96,45,multiple_bodies
690,Type_1_Poison,Poison,Water,320,50,60,60,60,60,30,6,FALSE,Brown,TRUE,0.5,Water_1,Dragon,Male,FALSE,0.51,7.3,225,head_base
691,Type_1_Poison,Poison,Dragon,494,65,75,90,97,123,44,6,FALSE,Brown,TRUE,0.5,Water_1,Dragon,Male,FALSE,1.8,81.5,55,head_base
692,Type_1_Water,Water,,330,50,53,62,58,63,44,6,FALSE,Blue,TRUE,0.5,Water_1,Water_3,Male,FALSE,0.51,8.3,225,insectoid
693,Type_1_Water,Water,,500,71,73,88,120,89,59,6,FALSE,Blue,TRUE,0.5,Water_1,Water_3,Male,FALSE,1.3,35.3,55,serpentine_body
694,Type_1_Electric,Electric,Normal,289,44,38,33,61,43,70,6,FALSE,Yellow,TRUE,0.5,Monster,Dragon,Male,FALSE,0.51,6,190,bipedal_tailed
695,Type_1_Electric,Electric,Normal,481,62,55,52,109,94,109,6,FALSE,Yellow,TRUE,0.5,Monster,Dragon,Male,FALSE,0.99,21,75,bipedal_tailed
696,Type_1_Rock,Rock,Dragon,362,58,89,77,45,45,48,6,FALSE,Brown,TRUE,0.875,Monster,Dragon,Male,FALSE,0.79,26,45,bipedal_tailed
697,Type_1_Rock,Rock,Dragon,521,82,121,119,69,59,71,6,FALSE,Red,TRUE,0.875,Monster,Dragon,Male,FALSE,2.49,270,45,bipedal_tailed
698,Type_1_Rock,Rock,Ice,362,77,59,50,67,63,46,6,FALSE,Blue,TRUE,0.875,Monster,,Male,FALSE,1.3,25.2,45,quadruped
699,Type_1_Rock,Rock,Ice,521,123,77,72,99,92,58,6,FALSE,Blue,TRUE,0.875,Monster,,Male,FALSE,2.69,225,45,quadruped
700,Type_1_Fairy,Fairy,,525,95,65,65,110,130,60,6,FALSE,Pink,TRUE,0.875,Field,,Male,FALSE,0.99,23.5,45,quadruped
701,Type_1_Fighting,Fighting,Flying,500,78,92,75,74,63,118,6,FALSE,Green,TRUE,0.5,Human-Like,,Male,FALSE,0.79,21.5,100,bipedal_tailless
702,Type_1_Electric,Electric,Fairy,431,67,58,57,81,67,101,6,FALSE,Yellow,TRUE,0.5,Field,Fairy,Male,FALSE,0.2,2.2,180,bipedal_tailed
703,Type_1_Rock,Rock,Fairy,500,50,50,150,50,150,50,6,FALSE,Grey,FALSE,,Fairy,Mineral,,FALSE,0.3,5.7,60,head_only
704,Type_1_Dragon,Dragon,,300,45,50,35,55,75,40,6,FALSE,Purple,TRUE,0.5,Dragon,,Male,FALSE,0.3,2.8,45,serpentine_body
705,Type_1_Dragon,Dragon,,452,68,75,53,83,113,60,6,FALSE,Purple,TRUE,0.5,Dragon,,Male,FALSE,0.79,17.5,45,serpentine_body
706,Type_1_Dragon,Dragon,,600,90,100,70,110,150,80,6,FALSE,Purple,TRUE,0.5,Dragon,,Male,FALSE,2.01,150.5,45,bipedal_tailed
707,Type_1_Steel,Steel,Fairy,470,57,80,91,80,87,75,6,FALSE,Grey,TRUE,0.5,Mineral,,Male,FALSE,0.2,3,75,head_only
708,Type_1_Ghost,Ghost,Grass,309,43,70,48,50,60,38,6,FALSE,Brown,TRUE,0.5,Grass,Amorphous,Male,FALSE,0.41,7,120,head_arms
709,Type_1_Ghost,Ghost,Grass,474,85,110,76,65,82,56,6,FALSE,Brown,TRUE,0.5,Grass,Amorphous,Male,FALSE,1.5,71,60,several_limbs
710,Type_1_Ghost,Ghost,Grass,335,49,66,70,44,55,51,6,FALSE,Brown,TRUE,0.5,Amorphous,,Male,FALSE,0.41,5,120,head_only
711,Type_1_Ghost,Ghost,Grass,494,65,90,122,58,75,84,6,FALSE,Brown,TRUE,0.5,Amorphous,,Male,FALSE,1.7,39,60,head_base
712,Type_1_Ice,Ice,,304,55,69,85,32,35,28,6,FALSE,Blue,TRUE,0.5,Monster,,Male,FALSE,0.99,99.5,190,quadruped
713,Type_1_Ice,Ice,,514,95,117,184,44,46,28,6,FALSE,Blue,TRUE,0.5,Monster,,Male,FALSE,2.01,505,55,quadruped
714,Type_1_Flying,Flying,Dragon,245,40,30,35,45,40,55,6,FALSE,Purple,TRUE,0.5,Flying,,Male,FALSE,0.51,8,190,two_wings
715,Type_1_Flying,Flying,Dragon,535,85,70,80,97,80,123,6,FALSE,Purple,TRUE,0.5,Flying,,Male,FALSE,1.5,85,45,two_wings
716,Type_1_Fairy,Fairy,,680,126,131,95,131,98,99,6,TRUE,Blue,FALSE,,Undiscovered,,,FALSE,3,215,45,quadruped
717,Type_1_Dark,Dark,Flying,680,126,131,95,131,98,99,6,TRUE,Red,FALSE,,Undiscovered,,,FALSE,5.79,203,45,two_wings
718,Type_1_Dragon,Dragon,Ground,600,108,100,121,81,95,95,6,TRUE,Green,FALSE,,Undiscovered,,,FALSE,5,305,3,serpentine_body
719,Type_1_Rock,Rock,Fairy,600,50,100,150,100,150,50,6,TRUE,Pink,FALSE,,Undiscovered,,,TRUE,0.71,8.8,3,head_arms
720,Type_1_Psychic,Psychic,Ghost,600,80,110,60,150,130,70,6,TRUE,Purple,FALSE,,Undiscovered,,,FALSE,0.51,9,3,head_only
721,Type_1_Fire,Fire,Water,600,80,110,120,130,90,70,6,TRUE,Brown,FALSE,,Undiscovered,,,FALSE,1.7,195,3,quadruped
